2024-05-09T14:54:27.4563372Z;10034
2024-05-09T14:54:27.5615892Z;68
2024-05-09T14:54:27.6294510Z;67
2024-05-09T14:54:27.6942921Z;64
2024-05-09T14:54:27.7749128Z;80
2024-05-09T14:54:27.8438081Z;68
2024-05-09T14:54:27.9112027Z;67
2024-05-09T14:54:27.9782668Z;66
2024-05-09T14:54:28.0539368Z;75
2024-05-09T14:54:28.1262332Z;71
2024-05-09T14:54:28.1934959Z;66
2024-05-09T14:54:28.2572795Z;63
2024-05-09T14:54:28.3210733Z;63
2024-05-09T14:54:28.3834476Z;61
2024-05-09T14:54:28.4476070Z;62
2024-05-09T14:54:28.5145970Z;66
2024-05-09T14:54:28.5765671Z;61
2024-05-09T14:54:28.6404171Z;63
2024-05-09T14:54:28.7027057Z;61
2024-05-09T14:54:28.7647541Z;61
2024-05-09T14:54:28.8270266Z;61
2024-05-09T14:54:28.8992508Z;71
2024-05-09T14:54:28.9681319Z;68
2024-05-09T14:54:29.0437100Z;75
2024-05-09T14:54:29.1143055Z;70
2024-05-09T14:54:29.1789815Z;64
2024-05-09T14:54:29.2537259Z;74
2024-05-09T14:54:29.3176754Z;63
2024-05-09T14:54:29.3835263Z;65
2024-05-09T14:54:29.4482593Z;64
2024-05-09T14:54:29.5146711Z;65
2024-05-09T14:54:29.5817792Z;66
2024-05-09T14:54:29.6501258Z;68
2024-05-09T14:54:29.7192733Z;68
2024-05-09T14:54:29.7854079Z;65
2024-05-09T14:54:29.8504062Z;64
2024-05-09T14:54:29.9142453Z;63
2024-05-09T14:54:29.9865744Z;71
2024-05-09T14:54:33.4722259Z;3485
2024-05-09T14:54:34.4905459Z;1018
2024-05-09T14:54:34.5559279Z;65
2024-05-09T14:54:34.6382861Z;81
2024-05-09T14:54:34.7054181Z;66
2024-05-09T14:54:34.7728834Z;67
2024-05-09T14:54:34.8365426Z;63
2024-05-09T14:54:34.9071445Z;70
2024-05-09T14:54:34.9709961Z;63
2024-05-09T14:54:35.0365308Z;65
2024-05-09T14:54:35.0983652Z;61
2024-05-09T14:54:35.2248047Z;126
2024-05-09T14:54:35.2883964Z;63
2024-05-09T14:54:35.3520587Z;63
2024-05-09T14:54:35.4213638Z;68
2024-05-09T14:54:35.4852851Z;63
2024-05-09T14:54:35.5492799Z;63
2024-05-09T14:54:35.6182020Z;68
2024-05-09T14:54:35.6885926Z;69
2024-05-09T14:54:35.7608522Z;71
2024-05-09T14:54:35.8348840Z;73
2024-05-09T14:54:35.8969660Z;61
2024-05-09T14:54:35.9608942Z;63
2024-05-09T14:54:36.0264923Z;65
2024-05-09T14:54:36.0953419Z;68
2024-05-09T14:54:36.1600518Z;64
2024-05-09T14:54:36.2269388Z;66
2024-05-09T14:54:36.3009105Z;72
2024-05-09T14:54:36.3660510Z;64
2024-05-09T14:54:36.4358398Z;69
2024-05-09T14:54:36.5109412Z;74
2024-05-09T14:54:36.5876610Z;76
2024-05-09T14:54:36.6814163Z;93
2024-05-09T14:54:36.7742889Z;92
2024-05-09T14:54:36.8381984Z;63
2024-05-09T14:54:36.9019873Z;63
2024-05-09T14:54:36.9674796Z;65
2024-05-09T14:54:37.0398273Z;71
2024-05-09T14:54:37.1103933Z;70
2024-05-09T14:54:37.1978243Z;87
2024-05-09T14:54:37.2598769Z;61
2024-05-09T14:54:37.3249713Z;64
2024-05-09T14:54:37.3959758Z;70
2024-05-09T14:54:37.4631960Z;66
2024-05-09T14:54:37.5559070Z;92
2024-05-09T14:54:37.6398870Z;83
2024-05-09T14:54:37.7136360Z;73
2024-05-09T14:54:37.7958466Z;81
2024-05-09T14:54:37.8699408Z;73
2024-05-09T14:54:37.9489045Z;78
2024-05-09T14:54:38.0263009Z;77
2024-05-09T14:54:38.1036218Z;77
2024-05-09T14:54:38.1792374Z;75
2024-05-09T14:54:38.2835038Z;104
2024-05-09T14:54:38.3791100Z;95
2024-05-09T14:54:38.4632420Z;83
2024-05-09T14:54:38.5875715Z;124
2024-05-09T14:54:38.6674887Z;79
2024-05-09T14:54:38.7355098Z;67
2024-05-09T14:54:38.8025579Z;66
2024-05-09T14:54:38.8773262Z;73
2024-05-09T14:54:38.9471308Z;69
2024-05-09T14:54:39.0178167Z;70
2024-05-09T14:54:39.0852163Z;67
2024-05-09T14:54:39.1555435Z;70
2024-05-09T14:54:39.2362291Z;80
2024-05-09T14:54:39.3057836Z;68
2024-05-09T14:54:39.3825193Z;76
2024-05-09T14:54:39.4631999Z;80
2024-05-09T14:54:39.5320761Z;68
2024-05-09T14:54:39.6009489Z;68
2024-05-09T14:54:39.6698866Z;68
2024-05-09T14:54:39.7405041Z;70
2024-05-09T14:54:39.8113303Z;70
2024-05-09T14:54:39.8849740Z;73
2024-05-09T14:54:39.9538829Z;68
2024-05-09T14:54:40.0279811Z;73
2024-05-09T14:54:40.0953906Z;66
2024-05-09T14:54:40.1635399Z;67
2024-05-09T14:54:40.2597425Z;80
2024-05-09T14:54:40.3321994Z;72
2024-05-09T14:54:40.4171610Z;84
2024-05-09T14:54:40.4888982Z;70
2024-05-09T14:54:40.5571861Z;67
2024-05-09T14:54:40.6345469Z;76
2024-05-09T14:54:40.7024844Z;67
2024-05-09T14:54:40.7939805Z;91
2024-05-09T14:54:40.8581634Z;63
2024-05-09T14:54:40.9317824Z;73
2024-05-09T14:54:41.0093093Z;77
2024-05-09T14:54:41.0783175Z;68
2024-05-09T14:54:41.1634405Z;84
2024-05-09T14:54:41.2304313Z;66
2024-05-09T14:54:41.3033419Z;72
2024-05-09T14:54:41.3845530Z;80
2024-05-09T14:54:41.4563910Z;71
2024-05-09T14:54:41.5357556Z;79
2024-05-09T14:54:41.6127120Z;76
2024-05-09T14:54:41.6841343Z;71
2024-05-09T14:54:41.7649482Z;79
2024-05-09T14:54:41.8377542Z;72
2024-05-09T14:54:41.9248636Z;86
2024-05-09T14:54:41.9906898Z;65
2024-05-09T14:54:42.0568153Z;65
2024-05-09T14:54:42.1268344Z;69
2024-05-09T14:54:42.2007617Z;73
2024-05-09T14:54:42.2797893Z;78
2024-05-09T14:54:42.3837710Z;102
2024-05-09T14:54:42.4493481Z;65
2024-05-09T14:54:42.5183275Z;68
2024-05-09T14:54:42.5923048Z;73
2024-05-09T14:54:42.6644631Z;71
2024-05-09T14:54:42.7329177Z;68
2024-05-09T14:54:42.8008700Z;66
2024-05-09T14:54:42.8931996Z;91
2024-05-09T14:54:43.0092996Z;91
2024-05-09T14:54:43.0796036Z;70
2024-05-09T14:54:43.1569902Z;77
2024-05-09T14:54:43.2261332Z;68
2024-05-09T14:54:43.3234496Z;96
2024-05-09T14:54:43.3944566Z;70
2024-05-09T14:54:43.4661915Z;71
2024-05-09T14:54:43.5393263Z;71
2024-05-09T14:54:43.6225384Z;82
2024-05-09T14:54:43.6872349Z;64
2024-05-09T14:54:43.7585128Z;69
2024-05-09T14:54:43.8241751Z;65
2024-05-09T14:54:43.8945682Z;70
2024-05-09T14:54:43.9670150Z;72
2024-05-09T14:54:44.0675778Z;100
2024-05-09T14:54:44.1361223Z;68
2024-05-09T14:54:44.2080187Z;71
2024-05-09T14:54:44.2786285Z;69
2024-05-09T14:54:44.3518619Z;72
2024-05-09T14:54:44.4192019Z;66
2024-05-09T14:54:44.4898153Z;70
2024-05-09T14:54:44.5586799Z;68
2024-05-09T14:54:44.6539831Z;94
2024-05-09T14:54:44.7397192Z;85
2024-05-09T14:54:44.8142886Z;73
2024-05-09T14:54:44.8879627Z;73
2024-05-09T14:54:44.9553292Z;67
2024-05-09T14:54:45.0291787Z;73
2024-05-09T14:54:45.0997424Z;70
2024-05-09T14:54:45.1675844Z;67
2024-05-09T14:54:45.2484286Z;80
2024-05-09T14:54:45.3418678Z;82
2024-05-09T14:54:45.4245873Z;82
2024-05-09T14:54:45.5720489Z;147
2024-05-09T14:54:45.7407359Z;112
2024-05-09T14:54:45.8237898Z;82
2024-05-09T14:54:45.9004560Z;76
2024-05-09T14:54:45.9771304Z;76
2024-05-09T14:54:46.0527631Z;75
2024-05-09T14:54:46.1197577Z;66
2024-05-09T14:54:46.1902405Z;70
2024-05-09T14:54:46.2583718Z;67
2024-05-09T14:54:46.3316568Z;72
2024-05-09T14:54:46.4005869Z;68
2024-05-09T14:54:46.4732662Z;70
2024-05-09T14:54:46.5482893Z;74
2024-05-09T14:54:46.6222801Z;72
2024-05-09T14:54:46.6910506Z;68
2024-05-09T14:54:46.7601889Z;68
2024-05-09T14:54:46.8660167Z;105
2024-05-09T14:54:46.9718995Z;105
2024-05-09T14:54:47.0391379Z;65
2024-05-09T14:54:47.1281735Z;88
2024-05-09T14:54:47.2071097Z;78
2024-05-09T14:54:47.2789989Z;71
2024-05-09T14:54:47.3551206Z;75
2024-05-09T14:54:47.4424689Z;86
2024-05-09T14:54:47.5096471Z;66
2024-05-09T14:54:47.5791630Z;69
2024-05-09T14:54:47.6475494Z;68
2024-05-09T14:54:47.7184549Z;70
2024-05-09T14:54:47.7887002Z;69
2024-05-09T14:54:47.8644210Z;75
2024-05-09T14:54:47.9616275Z;96
2024-05-09T14:54:48.0292602Z;67
2024-05-09T14:54:48.0996078Z;69
2024-05-09T14:54:48.1748846Z;74
2024-05-09T14:54:48.2660573Z;87
2024-05-09T14:54:48.3422784Z;75
2024-05-09T14:54:48.4288164Z;82
2024-05-09T14:54:48.5172641Z;88
2024-05-09T14:54:48.5818784Z;64
2024-05-09T14:54:48.6659664Z;83
2024-05-09T14:54:48.7650860Z;98
2024-05-09T14:54:48.8393935Z;73
2024-05-09T14:54:48.9061452Z;66
2024-05-09T14:54:48.9765498Z;70
2024-05-09T14:54:49.0563698Z;79
2024-05-09T14:54:49.1387448Z;81
2024-05-09T14:54:49.2201556Z;80
2024-05-09T14:54:49.2909200Z;70
2024-05-09T14:54:49.3598757Z;68
2024-05-09T14:54:49.4271778Z;66
2024-05-09T14:54:49.4993543Z;71
2024-05-09T14:54:49.5752516Z;75
2024-05-09T14:54:49.6574379Z;81
2024-05-09T14:54:49.7347987Z;77
2024-05-09T14:54:49.8052925Z;70
2024-05-09T14:54:49.9059635Z;98
2024-05-09T14:54:49.9739793Z;67
2024-05-09T14:54:50.0392901Z;64
2024-05-09T14:54:50.1329689Z;93
2024-05-09T14:54:50.2028769Z;69
2024-05-09T14:54:50.2791901Z;75
2024-05-09T14:54:50.3552155Z;75
2024-05-09T14:54:50.4354566Z;79
2024-05-09T14:54:50.5294064Z;93
2024-05-09T14:54:50.6035006Z;73
2024-05-09T14:54:50.6774839Z;73
2024-05-09T14:54:50.7464349Z;68
2024-05-09T14:54:50.8345001Z;87
2024-05-09T14:54:50.9056888Z;70
2024-05-09T14:54:50.9746441Z;68
2024-05-09T14:54:51.0413454Z;66
2024-05-09T14:54:51.1429761Z;77
2024-05-09T14:54:51.2119466Z;68
2024-05-09T14:54:51.2790832Z;66
2024-05-09T14:54:51.3553284Z;75
2024-05-09T14:54:51.4319810Z;76
2024-05-09T14:54:51.5111007Z;78
2024-05-09T14:54:51.5782240Z;66
2024-05-09T14:54:51.6676585Z;88
2024-05-09T14:54:51.7372274Z;69
2024-05-09T14:54:51.8034993Z;65
2024-05-09T14:54:51.8739585Z;70
2024-05-09T14:54:51.9536714Z;79
2024-05-09T14:54:52.0437212Z;89
2024-05-09T14:54:52.1210633Z;76
2024-05-09T14:54:52.1954081Z;74
2024-05-09T14:54:52.2756478Z;79
2024-05-09T14:54:52.3563255Z;80
2024-05-09T14:54:52.4623999Z;105
2024-05-09T14:54:52.5343122Z;71
2024-05-09T14:54:52.6086127Z;73
2024-05-09T14:54:52.6907613Z;81
2024-05-09T14:54:52.7664838Z;75
2024-05-09T14:54:52.8487963Z;82
2024-05-09T14:54:52.9152649Z;66
2024-05-09T14:54:52.9883256Z;72
2024-05-09T14:54:53.0818358Z;93
2024-05-09T14:54:53.1561009Z;74
2024-05-09T14:54:53.2240112Z;67
2024-05-09T14:54:53.2914220Z;66
2024-05-09T14:54:53.3714350Z;78
2024-05-09T14:54:53.4420134Z;70
2024-05-09T14:54:53.5151177Z;72
2024-05-09T14:54:53.5850801Z;69
2024-05-09T14:54:53.6607347Z;75
2024-05-09T14:54:53.7260132Z;64
2024-05-09T14:54:53.7949784Z;68
2024-05-09T14:54:53.8991771Z;86
2024-05-09T14:54:53.9662395Z;66
2024-05-09T14:54:54.0380775Z;71
2024-05-09T14:54:54.1077125Z;69
2024-05-09T14:54:54.1862980Z;78
2024-05-09T14:54:54.2654522Z;78
2024-05-09T14:54:54.3428904Z;77
2024-05-09T14:54:54.4115884Z;68
2024-05-09T14:54:54.4837544Z;71
2024-05-09T14:54:54.5527183Z;68
2024-05-09T14:54:54.6435093Z;90
2024-05-09T14:54:54.7309477Z;87
2024-05-09T14:54:54.8078071Z;76
2024-05-09T14:54:54.8785321Z;70
2024-05-09T14:54:54.9528086Z;73
2024-05-09T14:54:55.0234022Z;70
2024-05-09T14:54:55.0996598Z;75
2024-05-09T14:54:55.1690083Z;69
2024-05-09T14:54:55.2385131Z;69
2024-05-09T14:54:55.3039452Z;65
2024-05-09T14:54:55.3707147Z;66
2024-05-09T14:54:55.4402324Z;69
2024-05-09T14:54:55.5201141Z;79
2024-05-09T14:54:55.6053619Z;84
2024-05-09T14:54:55.6856630Z;79
2024-05-09T14:54:55.7561431Z;70
2024-05-09T14:54:55.8274181Z;70
2024-05-09T14:54:55.9253817Z;97
2024-05-09T14:54:55.9925096Z;66
2024-05-09T14:54:56.1193475Z;126
2024-05-09T14:54:56.1931104Z;73
2024-05-09T14:54:56.2620552Z;68
2024-05-09T14:54:56.3359956Z;73
2024-05-09T14:54:56.4048553Z;68
2024-05-09T14:54:56.4732527Z;68
2024-05-09T14:54:56.6383778Z;102
2024-05-09T14:54:56.7413876Z;100
2024-05-09T14:54:56.8248473Z;83
2024-05-09T14:54:56.9540251Z;128
2024-05-09T14:54:57.0190446Z;63
2024-05-09T14:54:57.0882134Z;68
2024-05-09T14:54:57.1611734Z;72
2024-05-09T14:54:57.2333164Z;71
2024-05-09T14:54:57.3493394Z;115
2024-05-09T14:54:57.4265374Z;76
2024-05-09T14:54:57.4988622Z;71
2024-05-09T14:54:57.5726953Z;73
2024-05-09T14:54:57.6400810Z;67
2024-05-09T14:54:57.7040229Z;63
2024-05-09T14:54:57.7720825Z;67
2024-05-09T14:54:57.8433121Z;70
2024-05-09T14:54:57.9122352Z;68
2024-05-09T14:54:57.9839315Z;71
2024-05-09T14:54:58.0550537Z;70
2024-05-09T14:54:58.1398347Z;84
2024-05-09T14:54:58.2165142Z;76
2024-05-09T14:54:58.2881874Z;71
2024-05-09T14:54:58.4061857Z;117
2024-05-09T14:54:58.5256194Z;119
2024-05-09T14:54:58.6131254Z;87
2024-05-09T14:54:58.6831845Z;69
2024-05-09T14:54:58.7580197Z;74
2024-05-09T14:54:58.8432468Z;84
2024-05-09T14:54:58.9665228Z;122
2024-05-09T14:54:59.0533202Z;86
2024-05-09T14:54:59.1474752Z;93
2024-05-09T14:54:59.2164095Z;68
2024-05-09T14:54:59.3956667Z;106
2024-05-09T14:54:59.4919462Z;95
2024-05-09T14:54:59.5608957Z;68
2024-05-09T14:54:59.6264605Z;65
2024-05-09T14:54:59.7036367Z;76
2024-05-09T14:54:59.7843480Z;80
2024-05-09T14:54:59.8580885Z;72
2024-05-09T14:54:59.9321940Z;73
2024-05-09T14:54:59.9979685Z;65
2024-05-09T14:55:00.0750250Z;76
2024-05-09T14:55:00.1592439Z;83
2024-05-09T14:55:00.2281952Z;68
2024-05-09T14:55:00.2948491Z;66
2024-05-09T14:55:00.3691190Z;73
2024-05-09T14:55:00.4409717Z;71
2024-05-09T14:55:00.5237570Z;82
2024-05-09T14:55:00.6061091Z;82
2024-05-09T14:55:00.6751600Z;68
2024-05-09T14:55:00.7526957Z;76
2024-05-09T14:55:00.8316212Z;78
2024-05-09T14:55:00.9120277Z;80
2024-05-09T14:55:00.9842476Z;71
2024-05-09T14:55:01.0616231Z;77
2024-05-09T14:55:01.1475918Z;83
2024-05-09T14:55:01.2212666Z;73
2024-05-09T14:55:01.3086254Z;87
2024-05-09T14:55:01.3917250Z;82
2024-05-09T14:55:01.4631844Z;71
2024-05-09T14:55:01.5473062Z;83
2024-05-09T14:55:01.6229521Z;71
2024-05-09T14:55:01.7047088Z;81
2024-05-09T14:55:01.7775060Z;72
2024-05-09T14:55:01.8514303Z;72
2024-05-09T14:55:01.9674616Z;115
2024-05-09T14:55:02.0864590Z;89
2024-05-09T14:55:02.1640352Z;77
2024-05-09T14:55:02.2345894Z;70
2024-05-09T14:55:02.3085574Z;73
2024-05-09T14:55:02.3815044Z;71
2024-05-09T14:55:02.4733648Z;91
2024-05-09T14:55:02.5719974Z;98
2024-05-09T14:55:02.6564628Z;84
2024-05-09T14:55:02.7351898Z;78
2024-05-09T14:55:02.8075625Z;72
2024-05-09T14:55:02.8866325Z;78
2024-05-09T14:55:02.9639786Z;77
2024-05-09T14:55:03.0328800Z;68
2024-05-09T14:55:03.1092153Z;75
2024-05-09T14:55:03.1800864Z;70
2024-05-09T14:55:03.2515045Z;71
2024-05-09T14:55:03.3220001Z;69
2024-05-09T14:55:03.3952638Z;72
2024-05-09T14:55:03.4698648Z;74
2024-05-09T14:55:03.5789038Z;108
2024-05-09T14:55:03.7062905Z;127
2024-05-09T14:55:03.8066686Z;100
2024-05-09T14:55:03.8932484Z;86
2024-05-09T14:55:03.9706164Z;77
2024-05-09T14:55:04.0395420Z;68
2024-05-09T14:55:04.1084044Z;68
2024-05-09T14:55:04.2008968Z;92
2024-05-09T14:55:04.2697009Z;68
2024-05-09T14:55:04.3370802Z;67
2024-05-09T14:55:04.4344863Z;97
2024-05-09T14:55:04.5032992Z;68
2024-05-09T14:55:04.5716065Z;67
2024-05-09T14:55:04.6821387Z;110
2024-05-09T14:55:04.8067075Z;93
2024-05-09T14:55:04.8832953Z;76
2024-05-09T14:55:04.9536177Z;70
2024-05-09T14:55:05.0261065Z;72
2024-05-09T14:55:05.1000674Z;73
2024-05-09T14:55:05.1922953Z;91
2024-05-09T14:55:05.2635937Z;70
2024-05-09T14:55:05.3435947Z;78
2024-05-09T14:55:05.4276381Z;83
2024-05-09T14:55:05.5033376Z;75
2024-05-09T14:55:05.5739827Z;70
2024-05-09T14:55:05.6512078Z;76
2024-05-09T14:55:05.7268317Z;75
2024-05-09T14:55:05.8308835Z;103
2024-05-09T14:55:05.9113163Z;79
2024-05-09T14:55:05.9838541Z;72
2024-05-09T14:55:06.0524733Z;68
2024-05-09T14:55:06.1233769Z;70
2024-05-09T14:55:06.2007938Z;77
2024-05-09T14:55:06.2730407Z;71
2024-05-09T14:55:06.3570308Z;83
2024-05-09T14:55:06.4316924Z;71
2024-05-09T14:55:06.4994683Z;67
2024-05-09T14:55:06.5687011Z;68
2024-05-09T14:55:06.6510255Z;81
2024-05-09T14:55:06.7215371Z;70
2024-05-09T14:55:06.7905600Z;68
2024-05-09T14:55:06.8661846Z;75
2024-05-09T14:55:06.9456459Z;79
2024-05-09T14:55:07.0219498Z;74
2024-05-09T14:55:07.1031294Z;80
2024-05-09T14:55:07.1788015Z;75
2024-05-09T14:55:07.2867168Z;107
2024-05-09T14:55:07.3910092Z;103
2024-05-09T14:55:07.4576930Z;66
2024-05-09T14:55:07.5706254Z;112
2024-05-09T14:55:07.6644075Z;93
2024-05-09T14:55:07.7333531Z;68
2024-05-09T14:55:07.8077425Z;73
2024-05-09T14:55:07.8762776Z;68
2024-05-09T14:55:07.9500431Z;73
2024-05-09T14:55:08.0198508Z;69
2024-05-09T14:55:08.0929761Z;72
2024-05-09T14:55:08.2055527Z;112
2024-05-09T14:55:08.2858905Z;78
2024-05-09T14:55:08.3736027Z;87
2024-05-09T14:55:08.4807760Z;106
2024-05-09T14:55:08.5717861Z;90
2024-05-09T14:55:08.6470381Z;74
2024-05-09T14:55:08.7131688Z;65
2024-05-09T14:55:08.7969485Z;83
2024-05-09T14:55:08.8660485Z;68
2024-05-09T14:55:08.9365749Z;70
2024-05-09T14:55:09.0082209Z;71
2024-05-09T14:55:09.0775978Z;67
2024-05-09T14:55:09.1722868Z;93
2024-05-09T14:55:09.2491864Z;76
2024-05-09T14:55:09.3180724Z;68
2024-05-09T14:55:09.4005722Z;82
2024-05-09T14:55:09.4684307Z;66
2024-05-09T14:55:09.5464129Z;77
2024-05-09T14:55:09.6191169Z;72
2024-05-09T14:55:09.6957525Z;76
2024-05-09T14:55:09.7702185Z;73
2024-05-09T14:55:09.8384404Z;67
2024-05-09T14:55:09.9178708Z;79
2024-05-09T14:55:09.9872953Z;68
2024-05-09T14:55:10.0569087Z;69
2024-05-09T14:55:10.1289440Z;71
2024-05-09T14:55:10.2867044Z;114
2024-05-09T14:55:10.3718548Z;84
2024-05-09T14:55:10.4402316Z;68
2024-05-09T14:55:10.5098483Z;69
2024-05-09T14:55:10.5936968Z;83
2024-05-09T14:55:10.6833353Z;88
2024-05-09T14:55:10.7532654Z;69
2024-05-09T14:55:10.8354788Z;81
2024-05-09T14:55:10.9079403Z;72
2024-05-09T14:55:10.9805555Z;72
2024-05-09T14:55:11.0497784Z;67
2024-05-09T14:55:11.1236255Z;73
2024-05-09T14:55:11.2100797Z;85
2024-05-09T14:55:11.2929637Z;82
2024-05-09T14:55:11.3650875Z;71
2024-05-09T14:55:11.4422801Z;76
2024-05-09T14:55:11.5129722Z;70
2024-05-09T14:55:11.5850988Z;71
2024-05-09T14:55:11.6563473Z;70
2024-05-09T14:55:11.7280675Z;71
2024-05-09T14:55:11.7952166Z;66
2024-05-09T14:55:11.8653824Z;69
2024-05-09T14:55:11.9599456Z;94
2024-05-09T14:55:12.0372574Z;77
2024-05-09T14:55:12.1077942Z;70
2024-05-09T14:55:12.1888464Z;80
2024-05-09T14:55:12.2625358Z;73
2024-05-09T14:55:12.3417607Z;78
2024-05-09T14:55:12.4137781Z;71
2024-05-09T14:55:12.4926359Z;78
2024-05-09T14:55:12.5712727Z;77
2024-05-09T14:55:12.6725758Z;100
2024-05-09T14:55:12.7600661Z;81
2024-05-09T14:55:12.8287571Z;68
2024-05-09T14:55:12.8978845Z;68
2024-05-09T14:55:13.0011798Z;102
2024-05-09T14:55:13.0723796Z;70
2024-05-09T14:55:13.1423625Z;69
2024-05-09T14:55:13.2512180Z;108
2024-05-09T14:55:13.3279091Z;76
2024-05-09T14:55:13.3935533Z;65
2024-05-09T14:55:13.4645582Z;70
2024-05-09T14:55:13.5501260Z;85
2024-05-09T14:55:13.6236144Z;73
2024-05-09T14:55:13.6936989Z;69
2024-05-09T14:55:13.7658096Z;71
2024-05-09T14:55:13.8371524Z;70
2024-05-09T14:55:13.9067157Z;69
2024-05-09T14:55:13.9883717Z;81
2024-05-09T14:55:14.0572559Z;68
2024-05-09T14:55:14.1262112Z;68
2024-05-09T14:55:14.2321180Z;105
2024-05-09T14:55:14.3161143Z;83
2024-05-09T14:55:14.3979667Z;80
2024-05-09T14:55:14.4688394Z;70
2024-05-09T14:55:14.5480507Z;78
2024-05-09T14:55:14.6588864Z;110
2024-05-09T14:55:14.7328637Z;73
2024-05-09T14:55:14.8100835Z;76
2024-05-09T14:55:14.8830734Z;72
2024-05-09T14:55:14.9529613Z;69
2024-05-09T14:55:15.0639696Z;110
2024-05-09T14:55:15.1681355Z;103
2024-05-09T14:55:15.2442742Z;75
2024-05-09T14:55:15.3177368Z;73
2024-05-09T14:55:15.3969311Z;78
2024-05-09T14:55:15.4666130Z;69
2024-05-09T14:55:15.5396255Z;72
2024-05-09T14:55:15.6141720Z;74
2024-05-09T14:55:15.7059046Z;84
2024-05-09T14:55:15.7766104Z;70
2024-05-09T14:55:15.8505146Z;73
2024-05-09T14:55:15.9327401Z;81
2024-05-09T14:55:16.0051793Z;72
2024-05-09T14:55:16.0754361Z;69
2024-05-09T14:55:16.1496925Z;74
2024-05-09T14:55:16.2969727Z;146
2024-05-09T14:55:16.3764175Z;79
2024-05-09T14:55:16.4396626Z;62
2024-05-09T14:55:16.5192920Z;79
2024-05-09T14:55:16.5998698Z;80
2024-05-09T14:55:16.6702205Z;69
2024-05-09T14:55:16.7529139Z;82
2024-05-09T14:55:16.8282978Z;74
2024-05-09T14:55:16.8985288Z;69
2024-05-09T14:55:16.9813942Z;79
2024-05-09T14:55:17.0586828Z;76
2024-05-09T14:55:17.1403723Z;81
2024-05-09T14:55:17.2168537Z;76
2024-05-09T14:55:17.3166505Z;80
2024-05-09T14:55:17.3903228Z;72
2024-05-09T14:55:17.4874933Z;96
2024-05-09T14:55:17.5777397Z;89
2024-05-09T14:55:17.6485993Z;70
2024-05-09T14:55:17.7192269Z;70
2024-05-09T14:55:17.7897873Z;70
2024-05-09T14:55:17.8607268Z;70
2024-05-09T14:55:17.9323605Z;71
2024-05-09T14:55:18.0158598Z;82
2024-05-09T14:55:18.0873949Z;71
2024-05-09T14:55:18.1631352Z;75
2024-05-09T14:55:18.2373928Z;73
2024-05-09T14:55:18.3076059Z;69
2024-05-09T14:55:18.4351034Z;95
2024-05-09T14:55:18.5574627Z;122
2024-05-09T14:55:18.6299829Z;72
2024-05-09T14:55:18.6959938Z;65
2024-05-09T14:55:18.7737909Z;77
2024-05-09T14:55:18.8486463Z;74
2024-05-09T14:55:18.9207396Z;71
2024-05-09T14:55:19.0316873Z;77
2024-05-09T14:55:19.1006010Z;68
2024-05-09T14:55:19.1957656Z;93
2024-05-09T14:55:19.3033102Z;106
2024-05-09T14:55:19.3863224Z;82
2024-05-09T14:55:19.4669591Z;80
2024-05-09T14:55:19.5523080Z;83
2024-05-09T14:55:19.6294393Z;76
2024-05-09T14:55:19.6981203Z;68
2024-05-09T14:55:19.7829448Z;84
2024-05-09T14:55:19.8634268Z;80
2024-05-09T14:55:19.9387637Z;74
2024-05-09T14:55:20.0114385Z;72
2024-05-09T14:55:20.0797194Z;67
2024-05-09T14:55:20.1610458Z;81
2024-05-09T14:55:20.2443486Z;82
2024-05-09T14:55:20.3209025Z;76
2024-05-09T14:55:20.3981248Z;75
2024-05-09T14:55:20.4755327Z;77
2024-05-09T14:55:20.5723428Z;96
2024-05-09T14:55:20.6450697Z;72
2024-05-09T14:55:20.7490693Z;103
2024-05-09T14:55:20.8165606Z;67
2024-05-09T14:55:20.9225139Z;105
2024-05-09T14:55:21.0013386Z;78
2024-05-09T14:55:21.0737408Z;72
2024-05-09T14:55:21.1654601Z;91
2024-05-09T14:55:21.2390310Z;73
2024-05-09T14:55:21.3177294Z;78
2024-05-09T14:55:21.4010858Z;83
2024-05-09T14:55:21.4719932Z;70
2024-05-09T14:55:21.5478570Z;74
2024-05-09T14:55:21.6238065Z;75
2024-05-09T14:55:21.6903859Z;66
2024-05-09T14:55:21.7828363Z;92
2024-05-09T14:55:21.8507704Z;67
2024-05-09T14:55:21.9507422Z;99
2024-05-09T14:55:22.0375595Z;86
2024-05-09T14:55:22.1152275Z;77
2024-05-09T14:55:22.2263165Z;110
2024-05-09T14:55:22.2999972Z;73
2024-05-09T14:55:22.3694095Z;69
2024-05-09T14:55:22.4433464Z;73
2024-05-09T14:55:22.5255572Z;81
2024-05-09T14:55:22.6034008Z;77
2024-05-09T14:55:22.7124552Z;108
2024-05-09T14:55:22.7811377Z;68
2024-05-09T14:55:22.8515561Z;70
2024-05-09T14:55:22.9204923Z;68
2024-05-09T14:55:22.9987448Z;77
2024-05-09T14:55:23.0749433Z;75
2024-05-09T14:55:23.1482032Z;72
2024-05-09T14:55:23.2200313Z;71
2024-05-09T14:55:23.3001312Z;79
2024-05-09T14:55:23.3694750Z;68
2024-05-09T14:55:23.4481782Z;78
2024-05-09T14:55:23.5204124Z;71
2024-05-09T14:55:23.5918191Z;70
2024-05-09T14:55:23.6767652Z;84
2024-05-09T14:55:23.7491359Z;72
2024-05-09T14:55:23.8640303Z;114
2024-05-09T14:55:23.9395266Z;75
2024-05-09T14:55:24.0364125Z;96
2024-05-09T14:55:24.1208030Z;84
2024-05-09T14:55:24.1888547Z;67
2024-05-09T14:55:24.2697379Z;80
2024-05-09T14:55:24.3571071Z;87
2024-05-09T14:55:24.4293067Z;71
2024-05-09T14:55:24.5259922Z;96
2024-05-09T14:55:24.6149745Z;88
2024-05-09T14:55:24.7328298Z;117
2024-05-09T14:55:24.8292176Z;96
2024-05-09T14:55:24.9018366Z;72
2024-05-09T14:55:24.9710368Z;68
2024-05-09T14:55:25.0392086Z;67
2024-05-09T14:55:25.1151074Z;75
2024-05-09T14:55:25.1990810Z;74
2024-05-09T14:55:25.2845296Z;85
2024-05-09T14:55:25.3761912Z;89
2024-05-09T14:55:25.4681037Z;91
2024-05-09T14:55:25.5606209Z;92
2024-05-09T14:55:25.6479677Z;87
2024-05-09T14:55:25.7168966Z;68
2024-05-09T14:55:25.7884568Z;71
2024-05-09T14:55:25.8902002Z;101
2024-05-09T14:55:25.9806486Z;89
2024-05-09T14:55:26.0538832Z;72
2024-05-09T14:55:26.1259695Z;71
2024-05-09T14:55:26.1941609Z;67
2024-05-09T14:55:26.2657405Z;71
2024-05-09T14:55:26.3425023Z;75
2024-05-09T14:55:26.4361675Z;92
2024-05-09T14:55:26.5035458Z;67
2024-05-09T14:55:26.5777458Z;73
2024-05-09T14:55:26.6549800Z;76
2024-05-09T14:55:26.7558572Z;100
2024-05-09T14:55:26.8313880Z;75
2024-05-09T14:55:26.9468070Z;115
2024-05-09T14:55:27.0229148Z;75
2024-05-09T14:55:27.1478366Z;124
2024-05-09T14:55:27.2344837Z;83
2024-05-09T14:55:27.3228646Z;87
2024-05-09T14:55:27.3911059Z;67
2024-05-09T14:55:27.4742651Z;82
2024-05-09T14:55:27.5706555Z;95
2024-05-09T14:55:27.6496133Z;78
2024-05-09T14:55:27.7288598Z;79
2024-05-09T14:55:27.8370152Z;107
2024-05-09T14:55:27.8983843Z;61
2024-05-09T14:55:27.9884157Z;89
2024-05-09T14:55:28.0716692Z;82
2024-05-09T14:55:28.1471863Z;75
2024-05-09T14:55:28.2234507Z;75
2024-05-09T14:55:28.3252443Z;101
2024-05-09T14:55:28.4183481Z;92
2024-05-09T14:55:28.5368695Z;118
2024-05-09T14:55:28.6092451Z;72
2024-05-09T14:55:28.6841557Z;74
2024-05-09T14:55:28.7654930Z;81
2024-05-09T14:55:28.8394043Z;73
2024-05-09T14:55:28.9178788Z;77
2024-05-09T14:55:28.9925072Z;74
2024-05-09T14:55:29.0637634Z;70
2024-05-09T14:55:29.1609159Z;96
2024-05-09T14:55:29.2409473Z;79
2024-05-09T14:55:29.3251832Z;83
2024-05-09T14:55:29.3986812Z;73
2024-05-09T14:55:29.4746555Z;75
2024-05-09T14:55:29.5468711Z;71
2024-05-09T14:55:29.6224650Z;75
2024-05-09T14:55:29.6914363Z;68
2024-05-09T14:55:29.7794893Z;87
2024-05-09T14:55:29.8566391Z;76
2024-05-09T14:55:29.9259039Z;68
2024-05-09T14:55:30.0187067Z;92
2024-05-09T14:55:30.1402691Z;121
2024-05-09T14:55:30.2320406Z;91
2024-05-09T14:55:30.3367424Z;104
2024-05-09T14:55:30.4112836Z;74
2024-05-09T14:55:30.4918495Z;80
2024-05-09T14:55:30.5788192Z;86
2024-05-09T14:55:30.6710521Z;91
2024-05-09T14:55:30.7518050Z;80
2024-05-09T14:55:30.8841279Z;131
2024-05-09T14:55:30.9603333Z;75
2024-05-09T14:55:31.0292835Z;68
2024-05-09T14:55:31.1064711Z;76
2024-05-09T14:55:31.1750044Z;68
2024-05-09T14:55:31.2456195Z;70
2024-05-09T14:55:31.3400443Z;94
2024-05-09T14:55:31.4324850Z;91
2024-05-09T14:55:31.5046486Z;71
2024-05-09T14:55:31.5753221Z;70
2024-05-09T14:55:31.6794524Z;103
2024-05-09T14:55:31.7484893Z;68
2024-05-09T14:55:31.8390524Z;88
2024-05-09T14:55:31.9298162Z;90
2024-05-09T14:55:32.0155784Z;85
2024-05-09T14:55:32.0845963Z;68
2024-05-09T14:55:32.1634513Z;78
2024-05-09T14:55:32.2375156Z;73
2024-05-09T14:55:32.3142248Z;76
2024-05-09T14:55:32.3871314Z;72
2024-05-09T14:55:32.4574530Z;69
2024-05-09T14:55:32.5398974Z;82
2024-05-09T14:55:32.6199139Z;79
2024-05-09T14:55:32.7126570Z;92
2024-05-09T14:55:32.8145115Z;101
2024-05-09T14:55:32.9041806Z;89
2024-05-09T14:55:32.9784684Z;73
2024-05-09T14:55:33.0866616Z;107
2024-05-09T14:55:33.1631894Z;76
2024-05-09T14:55:33.2356211Z;72
2024-05-09T14:55:33.3168984Z;80
2024-05-09T14:55:33.4191185Z;101
2024-05-09T14:55:33.5022405Z;82
2024-05-09T14:55:33.5710154Z;68
2024-05-09T14:55:33.6482502Z;76
2024-05-09T14:55:33.7214421Z;72
2024-05-09T14:55:33.8077544Z;86
2024-05-09T14:55:33.8915550Z;83
2024-05-09T14:55:33.9599899Z;68
2024-05-09T14:55:34.0272411Z;66
2024-05-09T14:55:34.1067259Z;77
2024-05-09T14:55:34.2261846Z;119
2024-05-09T14:55:34.2961940Z;69
2024-05-09T14:55:34.3833165Z;85
2024-05-09T14:55:34.4691486Z;85
2024-05-09T14:55:34.5432878Z;73
2024-05-09T14:55:34.6590154Z;115
2024-05-09T14:55:34.7768043Z;104
2024-05-09T14:55:34.8574561Z;80
2024-05-09T14:55:34.9249552Z;67
2024-05-09T14:55:34.9968762Z;71
2024-05-09T14:55:35.0778200Z;80
2024-05-09T14:55:35.1498485Z;71
2024-05-09T14:55:35.2234051Z;72
2024-05-09T14:55:35.2943595Z;70
2024-05-09T14:55:35.3835655Z;88
2024-05-09T14:55:35.4512171Z;67
2024-05-09T14:55:35.5330384Z;80
2024-05-09T14:55:35.6057294Z;72
2024-05-09T14:55:35.6761090Z;68
2024-05-09T14:55:35.7515387Z;74
2024-05-09T14:55:35.8305335Z;78
2024-05-09T14:55:35.9206868Z;89
2024-05-09T14:55:35.9969021Z;75
2024-05-09T14:55:36.0716921Z;74
2024-05-09T14:55:36.1627607Z;90
2024-05-09T14:55:36.2624103Z;96
2024-05-09T14:55:36.3330537Z;70
2024-05-09T14:55:36.4269578Z;92
2024-05-09T14:55:36.5430403Z;115
2024-05-09T14:55:36.6261793Z;82
2024-05-09T14:55:36.6974918Z;70
2024-05-09T14:55:36.8015902Z;103
2024-05-09T14:55:36.8791337Z;77
2024-05-09T14:55:36.9495350Z;69
2024-05-09T14:55:37.0237243Z;73
2024-05-09T14:55:37.1058064Z;81
2024-05-09T14:55:37.1799342Z;73
2024-05-09T14:55:37.2612396Z;80
2024-05-09T14:55:37.3512799Z;89
2024-05-09T14:55:37.4351224Z;83
2024-05-09T14:55:37.5161297Z;80
2024-05-09T14:55:37.6419866Z;125
2024-05-09T14:55:37.7166647Z;74
2024-05-09T14:55:37.7871859Z;69
2024-05-09T14:55:37.8604830Z;73
2024-05-09T14:55:37.9577422Z;96
2024-05-09T14:55:38.0555245Z;97
2024-05-09T14:55:38.1331333Z;76
2024-05-09T14:55:38.2034221Z;69
2024-05-09T14:55:38.2813371Z;77
2024-05-09T14:55:38.3579487Z;76
2024-05-09T14:55:38.4302980Z;71
2024-05-09T14:55:38.5465436Z;115
2024-05-09T14:55:38.6218824Z;74
2024-05-09T14:55:38.7075193Z;85
2024-05-09T14:55:38.8016931Z;93
2024-05-09T14:55:38.8901889Z;88
2024-05-09T14:55:38.9580487Z;67
2024-05-09T14:55:39.0395504Z;81
2024-05-09T14:55:39.1242897Z;84
2024-05-09T14:55:39.2135330Z;88
2024-05-09T14:55:39.2843425Z;70
2024-05-09T14:55:39.3719255Z;87
2024-05-09T14:55:39.4419108Z;69
2024-05-09T14:55:39.5248343Z;82
2024-05-09T14:55:39.6553406Z;130
2024-05-09T14:55:39.7303368Z;73
2024-05-09T14:55:39.7984889Z;67
2024-05-09T14:55:39.8789412Z;78
2024-05-09T14:55:39.9476088Z;68
2024-05-09T14:55:40.0203136Z;72
2024-05-09T14:55:40.1024611Z;81
2024-05-09T14:55:40.1848542Z;82
2024-05-09T14:55:40.2554801Z;70
2024-05-09T14:55:40.3628731Z;107
2024-05-09T14:55:40.4326175Z;68
2024-05-09T14:55:40.5091858Z;76
2024-05-09T14:55:40.5998432Z;90
2024-05-09T14:55:40.6772316Z;77
2024-05-09T14:55:40.7477961Z;70
2024-05-09T14:55:40.8285716Z;79
2024-05-09T14:55:40.9305238Z;101
2024-05-09T14:55:41.0001589Z;67
2024-05-09T14:55:41.0888796Z;87
2024-05-09T14:55:41.1612234Z;71
2024-05-09T14:55:41.2401490Z;78
2024-05-09T14:55:41.3169083Z;76
2024-05-09T14:55:41.3913547Z;74
2024-05-09T14:55:41.4619132Z;70
2024-05-09T14:55:41.5342692Z;72
2024-05-09T14:55:41.7056802Z;106
2024-05-09T14:55:41.7804870Z;73
2024-05-09T14:55:41.8513239Z;70
2024-05-09T14:55:41.9571227Z;105
2024-05-09T14:55:42.0300501Z;72
2024-05-09T14:55:42.1126211Z;82
2024-05-09T14:55:42.2132018Z;100
2024-05-09T14:55:42.2902614Z;76
2024-05-09T14:55:42.3749150Z;84
2024-05-09T14:55:42.4551614Z;78
2024-05-09T14:55:42.5296501Z;74
2024-05-09T14:55:42.6149178Z;84
2024-05-09T14:55:42.6973721Z;82
2024-05-09T14:55:42.8522167Z;154
2024-05-09T14:55:42.9509118Z;93
2024-05-09T14:55:43.0366340Z;85
2024-05-09T14:55:43.1058565Z;68
2024-05-09T14:55:43.1778177Z;71
2024-05-09T14:55:43.2516953Z;71
2024-05-09T14:55:43.3258120Z;73
2024-05-09T14:55:43.4317637Z;105
2024-05-09T14:55:43.4982555Z;66
2024-05-09T14:55:43.5723449Z;73
2024-05-09T14:55:43.6453900Z;72
2024-05-09T14:55:43.7138576Z;68
2024-05-09T14:55:43.7908886Z;76
2024-05-09T14:55:43.8809430Z;89
2024-05-09T14:55:43.9502827Z;69
2024-05-09T14:55:44.0292808Z;78
2024-05-09T14:55:44.1222717Z;92
2024-05-09T14:55:44.1962435Z;73
2024-05-09T14:55:44.2668406Z;70
2024-05-09T14:55:44.3440250Z;76
2024-05-09T14:55:44.4147042Z;70
2024-05-09T14:55:44.4962003Z;81
2024-05-09T14:55:44.5760807Z;79
2024-05-09T14:55:44.6701444Z;93
2024-05-09T14:55:44.7565378Z;86
2024-05-09T14:55:44.8833074Z;126
2024-05-09T14:55:44.9605499Z;76
2024-05-09T14:55:45.0685139Z;107
2024-05-09T14:55:45.1495337Z;80
2024-05-09T14:55:45.2324593Z;82
2024-05-09T14:55:45.3221403Z;89
2024-05-09T14:55:45.4108428Z;87
2024-05-09T14:55:45.4982037Z;86
2024-05-09T14:55:45.5756077Z;77
2024-05-09T14:55:45.6560284Z;80
2024-05-09T14:55:45.7389756Z;82
2024-05-09T14:55:45.8373605Z;98
2024-05-09T14:55:45.9092567Z;71
2024-05-09T14:55:46.0444753Z;134
2024-05-09T14:55:46.1206192Z;75
2024-05-09T14:55:46.2082810Z;86
2024-05-09T14:55:46.2874662Z;78
2024-05-09T14:55:46.3715090Z;83
2024-05-09T14:55:46.4443017Z;72
2024-05-09T14:55:46.5154129Z;69
2024-05-09T14:55:46.6105495Z;94
2024-05-09T14:55:46.6935419Z;82
2024-05-09T14:55:46.7691363Z;75
2024-05-09T14:55:46.8398403Z;70
2024-05-09T14:55:46.9203531Z;80
2024-05-09T14:55:46.9961528Z;75
2024-05-09T14:55:47.0716334Z;75
2024-05-09T14:55:47.1456342Z;73
2024-05-09T14:55:47.2309823Z;83
2024-05-09T14:55:47.3119745Z;77
2024-05-09T14:55:47.3810230Z;68
2024-05-09T14:55:47.4600211Z;78
2024-05-09T14:55:47.5321646Z;71
2024-05-09T14:55:47.6058937Z;73
2024-05-09T14:55:47.6937857Z;87
2024-05-09T14:55:47.7750364Z;80
2024-05-09T14:55:47.8516775Z;76
2024-05-09T14:55:47.9403884Z;88
2024-05-09T14:55:48.0179640Z;77
2024-05-09T14:55:48.1022652Z;83
2024-05-09T14:55:48.1818905Z;79
2024-05-09T14:55:48.2612195Z;78
2024-05-09T14:55:48.3449919Z;83
2024-05-09T14:55:48.4328261Z;87
2024-05-09T14:55:48.5602419Z;127
2024-05-09T14:55:48.6364832Z;75
2024-05-09T14:55:48.7443061Z;107
2024-05-09T14:55:48.8303142Z;85
2024-05-09T14:55:48.8933827Z;62
2024-05-09T14:55:48.9810895Z;87
2024-05-09T14:55:49.0530966Z;71
2024-05-09T14:55:49.1371286Z;83
2024-05-09T14:55:49.2379559Z;100
2024-05-09T14:55:49.3125214Z;74
2024-05-09T14:55:49.3818909Z;66
2024-05-09T14:55:49.4508761Z;66
2024-05-09T14:55:49.5181433Z;66
2024-05-09T14:55:49.5973330Z;78
2024-05-09T14:55:49.6834471Z;83
2024-05-09T14:55:49.7537030Z;69
2024-05-09T14:55:49.8237025Z;69
2024-05-09T14:55:49.8973323Z;73
2024-05-09T14:55:49.9736572Z;74
2024-05-09T14:55:50.0441316Z;70
2024-05-09T14:55:50.1151275Z;70
2024-05-09T14:55:50.1868469Z;71
2024-05-09T14:55:50.2583185Z;71
2024-05-09T14:55:50.3253340Z;66
2024-05-09T14:55:50.3957317Z;70
2024-05-09T14:55:50.4697060Z;73
2024-05-09T14:55:50.5468725Z;76
2024-05-09T14:55:50.6211789Z;74
2024-05-09T14:55:50.7109833Z;89
2024-05-09T14:55:50.7945207Z;83
2024-05-09T14:55:50.8587211Z;63
2024-05-09T14:55:50.9908395Z;131
2024-05-09T14:55:51.0549540Z;63
2024-05-09T14:55:51.1408832Z;85
2024-05-09T14:55:51.2458779Z;104
2024-05-09T14:55:51.3138994Z;67
2024-05-09T14:55:51.3939246Z;79
2024-05-09T14:55:51.4747003Z;80
2024-05-09T14:55:51.6930376Z;89
2024-05-09T14:55:51.7638352Z;70
2024-05-09T14:55:51.8427768Z;77
2024-05-09T14:55:51.9435666Z;100
2024-05-09T14:55:52.0081933Z;64
2024-05-09T14:55:52.0779123Z;69
2024-05-09T14:55:52.1473785Z;69
2024-05-09T14:55:52.2393360Z;91
2024-05-09T14:55:52.3098877Z;70
2024-05-09T14:55:52.3806469Z;70
2024-05-09T14:55:52.4713295Z;77
2024-05-09T14:55:52.5486180Z;76
2024-05-09T14:55:52.6385462Z;88
2024-05-09T14:55:52.7216992Z;82
2024-05-09T14:55:52.7973386Z;75
2024-05-09T14:55:52.9001926Z;102
2024-05-09T14:55:52.9737600Z;73
2024-05-09T14:55:53.0443427Z;70
2024-05-09T14:55:53.1636049Z;118
2024-05-09T14:55:53.2359350Z;72
2024-05-09T14:55:53.3031544Z;66
2024-05-09T14:55:53.3771171Z;73
2024-05-09T14:55:53.4543289Z;76
2024-05-09T14:55:53.5249560Z;70
2024-05-09T14:55:53.6022983Z;77
2024-05-09T14:55:53.6780234Z;75
2024-05-09T14:55:53.7445942Z;66
2024-05-09T14:55:53.8459104Z;85
2024-05-09T14:55:53.9129064Z;66
2024-05-09T14:55:53.9854464Z;72
2024-05-09T14:55:54.0645969Z;78
2024-05-09T14:55:54.1315472Z;66
2024-05-09T14:55:54.2038248Z;72
2024-05-09T14:55:54.2728730Z;68
2024-05-09T14:55:54.3624449Z;89
2024-05-09T14:55:54.4390875Z;76
2024-05-09T14:55:54.5154340Z;75
2024-05-09T14:55:54.5882576Z;72
2024-05-09T14:55:54.6861578Z;97
2024-05-09T14:55:54.7515326Z;64
2024-05-09T14:55:54.8375626Z;85
2024-05-09T14:55:54.9046635Z;66
2024-05-09T14:55:54.9752570Z;70
2024-05-09T14:55:55.0507394Z;74
2024-05-09T14:55:55.1313959Z;80
2024-05-09T14:55:55.2660205Z;109
2024-05-09T14:55:55.3427069Z;76
2024-05-09T14:55:55.4300823Z;86
2024-05-09T14:55:55.5028735Z;72
2024-05-09T14:55:55.5986395Z;92
2024-05-09T14:55:55.6759883Z;77
2024-05-09T14:55:55.7662225Z;89
2024-05-09T14:55:55.8357817Z;69
2024-05-09T14:55:55.9047217Z;68
2024-05-09T14:55:55.9874343Z;82
2024-05-09T14:55:56.0656376Z;77
2024-05-09T14:55:56.1332778Z;67
2024-05-09T14:55:56.2055251Z;71
2024-05-09T14:55:56.2726243Z;66
2024-05-09T14:55:56.3422224Z;69
2024-05-09T14:55:56.4272855Z;84
2024-05-09T14:55:56.5023288Z;74
2024-05-09T14:55:56.5709556Z;68
2024-05-09T14:55:56.6409114Z;69
2024-05-09T14:55:56.7129602Z;71
2024-05-09T14:55:56.7833251Z;70
2024-05-09T14:55:56.8566302Z;72
2024-05-09T14:55:56.9332371Z;76
2024-05-09T14:55:57.0043745Z;70
2024-05-09T14:55:57.0710502Z;66
2024-05-09T14:55:57.1448389Z;73
2024-05-09T14:55:57.2396785Z;94
2024-05-09T14:55:57.3104892Z;70
2024-05-09T14:55:57.3904455Z;79
2024-05-09T14:55:57.4642117Z;73
2024-05-09T14:55:57.5385971Z;73
2024-05-09T14:55:57.6057676Z;66
2024-05-09T14:55:57.6895847Z;83
2024-05-09T14:55:57.7599139Z;70
2024-05-09T14:55:57.8540625Z;93
2024-05-09T14:55:58.0038977Z;111
2024-05-09T14:55:58.0713634Z;66
2024-05-09T14:55:58.1472856Z;75
2024-05-09T14:55:58.2261977Z;78
2024-05-09T14:55:58.2915281Z;64
2024-05-09T14:55:58.4039084Z;112
2024-05-09T14:55:58.4760934Z;71
2024-05-09T14:55:58.5682892Z;91
2024-05-09T14:55:58.6439281Z;75
2024-05-09T14:55:58.7122362Z;67
2024-05-09T14:55:58.7902575Z;77
2024-05-09T14:55:58.8624581Z;71
2024-05-09T14:55:58.9765718Z;113
2024-05-09T14:55:59.0440510Z;67
2024-05-09T14:55:59.1191780Z;74
2024-05-09T14:55:59.1956997Z;75
2024-05-09T14:55:59.2861171Z;70
2024-05-09T14:55:59.3527837Z;66
2024-05-09T14:55:59.4270604Z;73
2024-05-09T14:55:59.4968509Z;69
2024-05-09T14:55:59.5750089Z;77
2024-05-09T14:55:59.6455892Z;70
2024-05-09T14:55:59.7177341Z;71
2024-05-09T14:55:59.7866576Z;68
2024-05-09T14:55:59.8928209Z;104
2024-05-09T14:55:59.9733861Z;77
2024-05-09T14:56:00.0533195Z;79
2024-05-09T14:56:00.1266558Z;73
2024-05-09T14:56:00.1958185Z;68
2024-05-09T14:56:00.2667714Z;69
2024-05-09T14:56:00.3397540Z;72
2024-05-09T14:56:00.4045041Z;64
2024-05-09T14:56:00.4737015Z;68
2024-05-09T14:56:00.5501186Z;74
2024-05-09T14:56:00.7141737Z;106
2024-05-09T14:56:00.7943633Z;79
2024-05-09T14:56:00.8632336Z;67
2024-05-09T14:56:00.9388852Z;75
2024-05-09T14:56:01.0168958Z;77
2024-05-09T14:56:01.1058615Z;88
2024-05-09T14:56:01.1800483Z;73
2024-05-09T14:56:01.2617980Z;81
2024-05-09T14:56:01.3483929Z;86
2024-05-09T14:56:01.4303801Z;81
2024-05-09T14:56:01.4975052Z;66
2024-05-09T14:56:01.5718973Z;73
2024-05-09T14:56:01.6473308Z;75
2024-05-09T14:56:01.7176544Z;69
2024-05-09T14:56:01.7881198Z;70
2024-05-09T14:56:01.9110977Z;122
2024-05-09T14:56:01.9753933Z;63
2024-05-09T14:56:02.0453525Z;69
2024-05-09T14:56:02.1137052Z;67
2024-05-09T14:56:02.1849776Z;70
2024-05-09T14:56:02.2605699Z;75
2024-05-09T14:56:02.3379374Z;77
2024-05-09T14:56:02.4133848Z;75
2024-05-09T14:56:02.4814981Z;67
2024-05-09T14:56:02.5520042Z;70
2024-05-09T14:56:02.6335283Z;81
2024-05-09T14:56:02.7007074Z;66
2024-05-09T14:56:02.7695913Z;68
2024-05-09T14:56:02.8420527Z;72
2024-05-09T14:56:02.9443708Z;101
2024-05-09T14:56:03.0167585Z;70
2024-05-09T14:56:03.0873474Z;70
2024-05-09T14:56:03.1730054Z;85
2024-05-09T14:56:03.2401638Z;66
2024-05-09T14:56:03.3087713Z;68
2024-05-09T14:56:03.4133009Z;73
2024-05-09T14:56:03.4789577Z;65
2024-05-09T14:56:03.5510548Z;71
2024-05-09T14:56:03.6199688Z;68
2024-05-09T14:56:03.6940894Z;73
2024-05-09T14:56:03.7663558Z;71
2024-05-09T14:56:03.8368546Z;70
2024-05-09T14:56:03.9046004Z;67
2024-05-09T14:56:03.9847781Z;79
2024-05-09T14:56:04.0678406Z;82
2024-05-09T14:56:04.2313167Z;163
2024-05-09T14:56:04.3028587Z;68
2024-05-09T14:56:04.3695805Z;66
2024-05-09T14:56:04.4561164Z;85
2024-05-09T14:56:04.5241654Z;67
2024-05-09T14:56:04.5963214Z;71
2024-05-09T14:56:04.6838861Z;87
2024-05-09T14:56:04.7746787Z;90
2024-05-09T14:56:04.8527574Z;77
2024-05-09T14:56:04.9320582Z;78
2024-05-09T14:56:05.0083774Z;76
2024-05-09T14:56:05.0785504Z;68
2024-05-09T14:56:05.1498940Z;70
2024-05-09T14:56:05.2376061Z;86
2024-05-09T14:56:05.3209587Z;83
2024-05-09T14:56:05.3929482Z;68
2024-05-09T14:56:05.4618417Z;68
2024-05-09T14:56:05.5341055Z;71
2024-05-09T14:56:05.6066874Z;72
2024-05-09T14:56:05.6804532Z;73
2024-05-09T14:56:05.7477070Z;65
2024-05-09T14:56:05.8418089Z;92
2024-05-09T14:56:05.9114015Z;69
2024-05-09T14:56:05.9806782Z;68
2024-05-09T14:56:06.0475093Z;66
2024-05-09T14:56:06.1559953Z;98
2024-05-09T14:56:06.2452213Z;88
2024-05-09T14:56:06.3120060Z;66
2024-05-09T14:56:06.3847012Z;71
2024-05-09T14:56:06.4551043Z;70
2024-05-09T14:56:06.5257170Z;70
2024-05-09T14:56:06.5917391Z;65
2024-05-09T14:56:06.6651098Z;73
2024-05-09T14:56:06.7379380Z;72
2024-05-09T14:56:06.8113487Z;73
2024-05-09T14:56:06.8888621Z;74
2024-05-09T14:56:06.9644005Z;74
2024-05-09T14:56:07.0310532Z;66
2024-05-09T14:56:07.1333149Z;101
2024-05-09T14:56:07.2029424Z;69
2024-05-09T14:56:07.2723438Z;68
2024-05-09T14:56:07.3659202Z;93
2024-05-09T14:56:07.4567563Z;90
2024-05-09T14:56:07.5374000Z;80
2024-05-09T14:56:07.6099124Z;72
2024-05-09T14:56:07.6766297Z;66
2024-05-09T14:56:07.7795441Z;102
2024-05-09T14:56:07.8491322Z;68
2024-05-09T14:56:07.9181659Z;68
2024-05-09T14:56:07.9895002Z;71
2024-05-09T14:56:08.0554116Z;65
2024-05-09T14:56:08.1289993Z;73
2024-05-09T14:56:08.2307921Z;101
2024-05-09T14:56:08.3003032Z;69
2024-05-09T14:56:08.3709246Z;70
2024-05-09T14:56:08.4458125Z;74
2024-05-09T14:56:08.5574140Z;111
2024-05-09T14:56:08.6281992Z;70
2024-05-09T14:56:08.6970018Z;68
2024-05-09T14:56:08.7655661Z;68
2024-05-09T14:56:08.8929210Z;102
2024-05-09T14:56:08.9824144Z;89
2024-05-09T14:56:09.0569725Z;74
2024-05-09T14:56:09.1288755Z;71
2024-05-09T14:56:09.1961862Z;66
2024-05-09T14:56:09.2834152Z;86
2024-05-09T14:56:09.3524484Z;68
2024-05-09T14:56:09.4343087Z;81
2024-05-09T14:56:09.5876589Z;96
2024-05-09T14:56:09.6582210Z;70
2024-05-09T14:56:09.7271206Z;68
2024-05-09T14:56:09.8009787Z;73
2024-05-09T14:56:09.8836743Z;82
2024-05-09T14:56:09.9539924Z;69
2024-05-09T14:56:10.0295499Z;74
2024-05-09T14:56:10.1102991Z;80
2024-05-09T14:56:10.1909727Z;77
2024-05-09T14:56:10.2566165Z;65
2024-05-09T14:56:10.3254551Z;68
2024-05-09T14:56:10.3983949Z;69
2024-05-09T14:56:10.4710165Z;72
2024-05-09T14:56:10.5454622Z;74
2024-05-09T14:56:10.6178907Z;72
2024-05-09T14:56:10.6850617Z;66
2024-05-09T14:56:10.7556378Z;70
2024-05-09T14:56:10.8297834Z;73
2024-05-09T14:56:10.9016108Z;71
2024-05-09T14:56:10.9707871Z;68
2024-05-09T14:56:11.0412925Z;70
2024-05-09T14:56:11.1903050Z;145
2024-05-09T14:56:11.2816716Z;91
2024-05-09T14:56:11.3634197Z;81
2024-05-09T14:56:11.4681874Z;104
2024-05-09T14:56:11.6226340Z;98
2024-05-09T14:56:11.7030034Z;79
2024-05-09T14:56:11.7741198Z;70
2024-05-09T14:56:11.8419882Z;67
2024-05-09T14:56:11.9269938Z;84
2024-05-09T14:56:11.9945299Z;67
2024-05-09T14:56:12.0624319Z;67
2024-05-09T14:56:12.1387927Z;74
2024-05-09T14:56:12.2244158Z;85
2024-05-09T14:56:12.2916923Z;66
2024-05-09T14:56:12.3587837Z;65
2024-05-09T14:56:12.4255978Z;66
2024-05-09T14:56:12.5014993Z;74
2024-05-09T14:56:12.5807225Z;78
2024-05-09T14:56:12.6579169Z;76
2024-05-09T14:56:12.7254263Z;67
2024-05-09T14:56:12.7974947Z;71
2024-05-09T14:56:12.8713386Z;73
2024-05-09T14:56:12.9975062Z;125
2024-05-09T14:56:13.0731613Z;75
2024-05-09T14:56:13.1620938Z;88
2024-05-09T14:56:13.2344676Z;72
2024-05-09T14:56:13.3160282Z;81
2024-05-09T14:56:13.3928498Z;76
2024-05-09T14:56:13.4672228Z;74
2024-05-09T14:56:13.5434625Z;75
2024-05-09T14:56:13.6108241Z;67
2024-05-09T14:56:13.6890471Z;77
2024-05-09T14:56:13.7639124Z;74
2024-05-09T14:56:13.8394970Z;74
2024-05-09T14:56:13.9125683Z;72
2024-05-09T14:56:13.9888541Z;76
2024-05-09T14:56:14.0571003Z;67
2024-05-09T14:56:14.1293113Z;71
2024-05-09T14:56:14.2125124Z;82
2024-05-09T14:56:14.3346077Z;94
2024-05-09T14:56:14.4075233Z;72
2024-05-09T14:56:14.4713490Z;63
2024-05-09T14:56:14.5469786Z;75
2024-05-09T14:56:14.6527983Z;105
2024-05-09T14:56:14.7637560Z;109
2024-05-09T14:56:14.8557671Z;91
2024-05-09T14:56:14.9353536Z;79
2024-05-09T14:56:15.0153408Z;78
2024-05-09T14:56:15.0920966Z;76
2024-05-09T14:56:15.1688084Z;76
2024-05-09T14:56:15.2523833Z;82
2024-05-09T14:56:15.3286704Z;75
2024-05-09T14:56:15.4043679Z;75
2024-05-09T14:56:15.4781118Z;73
2024-05-09T14:56:15.5506141Z;70
2024-05-09T14:56:15.6490859Z;76
2024-05-09T14:56:15.7150373Z;65
2024-05-09T14:56:15.7861933Z;70
2024-05-09T14:56:15.8589264Z;72
2024-05-09T14:56:15.9676755Z;108
2024-05-09T14:56:16.0377477Z;69
2024-05-09T14:56:16.1060181Z;67
2024-05-09T14:56:16.1788119Z;72
2024-05-09T14:56:16.2561594Z;77
2024-05-09T14:56:16.3352375Z;78
2024-05-09T14:56:16.4073715Z;71
2024-05-09T14:56:16.4884099Z;80
2024-05-09T14:56:16.5569504Z;68
2024-05-09T14:56:16.6274631Z;70
2024-05-09T14:56:16.6964355Z;68
2024-05-09T14:56:16.7636685Z;66
2024-05-09T14:56:16.8291419Z;65
2024-05-09T14:56:16.8984188Z;68
2024-05-09T14:56:16.9703070Z;71
2024-05-09T14:56:17.0661076Z;94
2024-05-09T14:56:17.1478017Z;80
2024-05-09T14:56:17.2179021Z;69
2024-05-09T14:56:17.3148948Z;96
2024-05-09T14:56:17.4349291Z;119
2024-05-09T14:56:17.5323941Z;97
2024-05-09T14:56:17.6057699Z;73
2024-05-09T14:56:17.6797670Z;73
2024-05-09T14:56:17.7553251Z;75
2024-05-09T14:56:17.8323596Z;76
2024-05-09T14:56:17.9134776Z;80
2024-05-09T14:56:18.0140237Z;100
2024-05-09T14:56:18.1009315Z;85
2024-05-09T14:56:18.1736195Z;72
2024-05-09T14:56:18.2690674Z;93
2024-05-09T14:56:18.3500199Z;80
2024-05-09T14:56:18.4441430Z;93
2024-05-09T14:56:18.5506931Z;106
2024-05-09T14:56:18.6239058Z;72
2024-05-09T14:56:18.6912118Z;66
2024-05-09T14:56:18.7873579Z;95
2024-05-09T14:56:18.8559439Z;68
2024-05-09T14:56:18.9258148Z;68
2024-05-09T14:56:18.9953622Z;69
2024-05-09T14:56:19.0642950Z;68
2024-05-09T14:56:19.1616876Z;96
2024-05-09T14:56:19.2516884Z;89
2024-05-09T14:56:19.3213800Z;69
2024-05-09T14:56:19.3936324Z;71
2024-05-09T14:56:19.4811541Z;87
2024-05-09T14:56:19.5599486Z;78
2024-05-09T14:56:19.6304732Z;70
2024-05-09T14:56:19.8013386Z;109
2024-05-09T14:56:19.8744083Z;72
2024-05-09T14:56:19.9459878Z;71
2024-05-09T14:56:20.0238999Z;77
2024-05-09T14:56:20.1148941Z;84
2024-05-09T14:56:20.1850596Z;69
2024-05-09T14:56:20.2731177Z;87
2024-05-09T14:56:20.3572524Z;83
2024-05-09T14:56:20.4257810Z;67
2024-05-09T14:56:20.5155725Z;89
2024-05-09T14:56:20.6002645Z;84
2024-05-09T14:56:20.6924738Z;91
2024-05-09T14:56:20.8161838Z;123
2024-05-09T14:56:20.9025121Z;86
2024-05-09T14:56:20.9739336Z;71
2024-05-09T14:56:21.0543855Z;80
2024-05-09T14:56:21.1380102Z;83
2024-05-09T14:56:21.2630701Z;124
2024-05-09T14:56:21.3528055Z;89
2024-05-09T14:56:21.4675223Z;114
2024-05-09T14:56:21.5364449Z;68
2024-05-09T14:56:21.6103977Z;73
2024-05-09T14:56:21.6828236Z;71
2024-05-09T14:56:21.7548449Z;71
2024-05-09T14:56:21.8253524Z;70
2024-05-09T14:56:21.9127672Z;87
2024-05-09T14:56:21.9806881Z;67
2024-05-09T14:56:22.0523413Z;71
2024-05-09T14:56:22.1280746Z;75
2024-05-09T14:56:22.2403968Z;112
2024-05-09T14:56:22.3122711Z;71
2024-05-09T14:56:22.3835695Z;70
2024-05-09T14:56:22.5082542Z;86
2024-05-09T14:56:22.5778725Z;69
2024-05-09T14:56:22.6489206Z;70
2024-05-09T14:56:22.7237302Z;74
2024-05-09T14:56:22.7967376Z;72
2024-05-09T14:56:22.8746469Z;77
2024-05-09T14:56:22.9477492Z;72
2024-05-09T14:56:23.0304091Z;82
2024-05-09T14:56:23.1633468Z;132
2024-05-09T14:56:23.2464730Z;82
2024-05-09T14:56:23.3311452Z;84
2024-05-09T14:56:23.4113997Z;79
2024-05-09T14:56:23.4820675Z;70
2024-05-09T14:56:23.5725037Z;90
2024-05-09T14:56:23.6469699Z;71
2024-05-09T14:56:23.7257499Z;78
2024-05-09T14:56:23.8001219Z;73
2024-05-09T14:56:23.8948012Z;94
2024-05-09T14:56:24.0152075Z;120
2024-05-09T14:56:24.0790799Z;63
2024-05-09T14:56:24.1555925Z;76
2024-05-09T14:56:24.2590986Z;103
2024-05-09T14:56:24.3486661Z;89
2024-05-09T14:56:24.4162618Z;64
2024-05-09T14:56:24.4904687Z;72
2024-05-09T14:56:24.5945779Z;97
2024-05-09T14:56:24.6913996Z;91
2024-05-09T14:56:24.7634401Z;71
2024-05-09T14:56:24.8417381Z;76
2024-05-09T14:56:24.9465457Z;102
2024-05-09T14:56:25.0335846Z;86
2024-05-09T14:56:25.1025853Z;68
2024-05-09T14:56:25.2637889Z;115
2024-05-09T14:56:25.3429043Z;78
2024-05-09T14:56:25.4268400Z;83
2024-05-09T14:56:25.4975330Z;70
2024-05-09T14:56:25.5695103Z;71
2024-05-09T14:56:25.6473281Z;76
2024-05-09T14:56:25.7289491Z;81
2024-05-09T14:56:25.8118453Z;82
2024-05-09T14:56:25.8856567Z;73
2024-05-09T14:56:25.9628816Z;74
2024-05-09T14:56:26.0429237Z;78
2024-05-09T14:56:26.1180937Z;74
2024-05-09T14:56:26.2035640Z;84
2024-05-09T14:56:26.2971487Z;93
2024-05-09T14:56:26.3729376Z;75
2024-05-09T14:56:26.4628291Z;89
2024-05-09T14:56:26.5443656Z;81
2024-05-09T14:56:26.6125349Z;67
2024-05-09T14:56:26.6922742Z;79
2024-05-09T14:56:26.7662824Z;73
2024-05-09T14:56:26.8583927Z;91
2024-05-09T14:56:26.9611479Z;102
2024-05-09T14:56:27.0333439Z;71
2024-05-09T14:56:27.1078528Z;74
2024-05-09T14:56:27.1890891Z;79
2024-05-09T14:56:27.2630385Z;73
2024-05-09T14:56:27.3356242Z;72
2024-05-09T14:56:27.4464807Z;110
2024-05-09T14:56:27.5157789Z;68
2024-05-09T14:56:27.5917789Z;74
2024-05-09T14:56:27.6636876Z;71
2024-05-09T14:56:27.7343231Z;70
2024-05-09T14:56:27.8116450Z;76
2024-05-09T14:56:27.8941393Z;82
2024-05-09T14:56:27.9896227Z;95
2024-05-09T14:56:28.0776685Z;86
2024-05-09T14:56:28.1577718Z;79
2024-05-09T14:56:28.2332641Z;75
2024-05-09T14:56:28.3375463Z;103
2024-05-09T14:56:28.4266592Z;88
2024-05-09T14:56:28.5610090Z;134
2024-05-09T14:56:28.6418075Z;80
2024-05-09T14:56:28.7138048Z;71
2024-05-09T14:56:28.7896119Z;75
2024-05-09T14:56:28.8581922Z;68
2024-05-09T14:56:28.9290849Z;70
2024-05-09T14:56:28.9980801Z;68
2024-05-09T14:56:29.0866181Z;74
2024-05-09T14:56:29.1728524Z;78
2024-05-09T14:56:29.2553260Z;82
2024-05-09T14:56:29.3605002Z;104
2024-05-09T14:56:29.4284174Z;67
2024-05-09T14:56:29.4989088Z;70
2024-05-09T14:56:29.5808045Z;81
2024-05-09T14:56:29.6496148Z;68
2024-05-09T14:56:29.7284533Z;78
2024-05-09T14:56:29.8208929Z;92
2024-05-09T14:56:29.8853017Z;64
2024-05-09T14:56:29.9747157Z;89
2024-05-09T14:56:30.0472179Z;71
2024-05-09T14:56:30.1268638Z;78
2024-05-09T14:56:30.2341901Z;106
2024-05-09T14:56:30.3210399Z;86
2024-05-09T14:56:30.3917786Z;69
2024-05-09T14:56:30.4615350Z;69
2024-05-09T14:56:30.5431215Z;81
2024-05-09T14:56:30.6679470Z;78
2024-05-09T14:56:30.7319697Z;63
2024-05-09T14:56:30.8012332Z;68
2024-05-09T14:56:30.8735162Z;71
2024-05-09T14:56:30.9470949Z;73
2024-05-09T14:56:31.0299506Z;81
2024-05-09T14:56:31.1087556Z;78
2024-05-09T14:56:31.1760217Z;67
2024-05-09T14:56:31.3099429Z;133
2024-05-09T14:56:31.4117912Z;83
2024-05-09T14:56:31.4919051Z;79
2024-05-09T14:56:31.5675964Z;75
2024-05-09T14:56:31.6483104Z;80
2024-05-09T14:56:31.7238725Z;75
2024-05-09T14:56:31.7911350Z;66
2024-05-09T14:56:31.8633224Z;71
2024-05-09T14:56:31.9843533Z;120
2024-05-09T14:56:32.0717416Z;87
2024-05-09T14:56:32.1442129Z;72
2024-05-09T14:56:32.2399055Z;95
2024-05-09T14:56:32.3322277Z;91
2024-05-09T14:56:32.4167324Z;84
2024-05-09T14:56:32.4968353Z;78
2024-05-09T14:56:32.6009406Z;103
2024-05-09T14:56:32.6842752Z;83
2024-05-09T14:56:32.7523765Z;67
2024-05-09T14:56:32.8351631Z;82
2024-05-09T14:56:32.9160612Z;80
2024-05-09T14:56:32.9996272Z;83
2024-05-09T14:56:33.0859725Z;86
2024-05-09T14:56:33.1610939Z;74
2024-05-09T14:56:33.2425577Z;81
2024-05-09T14:56:33.3166686Z;73
2024-05-09T14:56:33.4197164Z;102
2024-05-09T14:56:33.4985049Z;78
2024-05-09T14:56:33.5725528Z;73
2024-05-09T14:56:33.6435852Z;70
2024-05-09T14:56:33.7218368Z;77
2024-05-09T14:56:33.8028486Z;80
2024-05-09T14:56:33.8749938Z;71
2024-05-09T14:56:33.9504968Z;75
2024-05-09T14:56:34.0513472Z;100
2024-05-09T14:56:34.1707291Z;119
2024-05-09T14:56:34.2413494Z;70
2024-05-09T14:56:34.3472276Z;105
2024-05-09T14:56:34.4229318Z;74
2024-05-09T14:56:34.4950588Z;71
2024-05-09T14:56:34.5655750Z;70
2024-05-09T14:56:34.6470744Z;80
2024-05-09T14:56:34.7488128Z;101
2024-05-09T14:56:34.8160468Z;66
2024-05-09T14:56:34.8842161Z;67
2024-05-09T14:56:34.9706416Z;86
2024-05-09T14:56:35.0556218Z;84
2024-05-09T14:56:35.1421731Z;86
2024-05-09T14:56:35.2127640Z;70
2024-05-09T14:56:35.2905799Z;77
2024-05-09T14:56:35.3697138Z;78
2024-05-09T14:56:35.4539133Z;83
2024-05-09T14:56:35.5400285Z;85
2024-05-09T14:56:35.6284659Z;88
2024-05-09T14:56:35.7033772Z;74
2024-05-09T14:56:35.7773456Z;73
2024-05-09T14:56:35.8750122Z;87
2024-05-09T14:56:35.9667423Z;90
2024-05-09T14:56:36.0591944Z;92
2024-05-09T14:56:36.1916187Z;132
2024-05-09T14:56:36.2765523Z;84
2024-05-09T14:56:36.3521194Z;75
2024-05-09T14:56:36.4281860Z;72
2024-05-09T14:56:36.5059641Z;77
2024-05-09T14:56:36.5890883Z;82
2024-05-09T14:56:36.6562283Z;66
2024-05-09T14:56:36.7305287Z;74
2024-05-09T14:56:36.8070539Z;76
2024-05-09T14:56:36.8766136Z;69
2024-05-09T14:56:36.9470334Z;70
2024-05-09T14:56:37.0461804Z;98
2024-05-09T14:56:37.1199272Z;73
2024-05-09T14:56:37.1940913Z;73
2024-05-09T14:56:37.3099818Z;115
2024-05-09T14:56:37.3773630Z;67
2024-05-09T14:56:37.4830477Z;105
2024-05-09T14:56:37.5502670Z;66
2024-05-09T14:56:37.6242254Z;73
2024-05-09T14:56:37.6982250Z;73
2024-05-09T14:56:37.7680961Z;69
2024-05-09T14:56:37.8429148Z;74
2024-05-09T14:56:37.9335536Z;90
2024-05-09T14:56:38.0092506Z;75
2024-05-09T14:56:38.0787739Z;69
2024-05-09T14:56:38.1553786Z;76
2024-05-09T14:56:38.2494077Z;93
2024-05-09T14:56:38.3217213Z;71
2024-05-09T14:56:38.4123929Z;90
2024-05-09T14:56:38.5175520Z;104
2024-05-09T14:56:38.5959948Z;78
2024-05-09T14:56:38.7004368Z;103
2024-05-09T14:56:38.7798365Z;78
2024-05-09T14:56:38.8923574Z;112
2024-05-09T14:56:38.9775901Z;85
2024-05-09T14:56:39.0475952Z;69
2024-05-09T14:56:39.1168652Z;68
2024-05-09T14:56:39.2259512Z;108
2024-05-09T14:56:39.3031105Z;76
2024-05-09T14:56:39.3705032Z;67
2024-05-09T14:56:39.4425633Z;71
2024-05-09T14:56:39.5098537Z;66
2024-05-09T14:56:39.5847555Z;74
2024-05-09T14:56:39.6722171Z;87
2024-05-09T14:56:39.7453357Z;72
2024-05-09T14:56:39.8295468Z;83
2024-05-09T14:56:39.9042117Z;73
2024-05-09T14:56:39.9719660Z;67
2024-05-09T14:56:40.0377964Z;65
2024-05-09T14:56:40.1094112Z;71
2024-05-09T14:56:40.1837723Z;73
2024-05-09T14:56:40.2527870Z;68
2024-05-09T14:56:40.3352800Z;82
2024-05-09T14:56:40.4049375Z;69
2024-05-09T14:56:40.4950309Z;89
2024-05-09T14:56:40.5719789Z;76
2024-05-09T14:56:40.6426108Z;70
2024-05-09T14:56:40.7132539Z;70
2024-05-09T14:56:40.7803825Z;66
2024-05-09T14:56:40.8633850Z;82
2024-05-09T14:56:40.9353595Z;71
2024-05-09T14:56:41.0046081Z;68
2024-05-09T14:56:41.0779878Z;73
2024-05-09T14:56:41.1562456Z;77
2024-05-09T14:56:41.2289522Z;72
2024-05-09T14:56:41.3030896Z;73
2024-05-09T14:56:41.4199705Z;116
2024-05-09T14:56:41.4877941Z;67
2024-05-09T14:56:41.5792971Z;91
2024-05-09T14:56:41.6544376Z;74
2024-05-09T14:56:41.7181365Z;63
2024-05-09T14:56:41.8009601Z;82
2024-05-09T14:56:41.9168532Z;115
2024-05-09T14:56:41.9995616Z;80
2024-05-09T14:56:42.0787603Z;78
2024-05-09T14:56:42.1718512Z;92
2024-05-09T14:56:42.2541292Z;81
2024-05-09T14:56:42.3315390Z;77
2024-05-09T14:56:42.4013224Z;69
2024-05-09T14:56:42.4683467Z;66
2024-05-09T14:56:42.5524185Z;71
2024-05-09T14:56:42.6507695Z;78
2024-05-09T14:56:42.7180865Z;66
2024-05-09T14:56:42.8113383Z;92
2024-05-09T14:56:42.8853760Z;73
2024-05-09T14:56:42.9482403Z;62
2024-05-09T14:56:43.0372796Z;88
2024-05-09T14:56:43.1091793Z;71
2024-05-09T14:56:43.1805914Z;71
2024-05-09T14:56:43.3113229Z;130
2024-05-09T14:56:43.4054307Z;93
2024-05-09T14:56:43.4792060Z;73
2024-05-09T14:56:43.5540950Z;73
2024-05-09T14:56:43.6290932Z;74
2024-05-09T14:56:43.7077974Z;78
2024-05-09T14:56:43.7815685Z;73
2024-05-09T14:56:43.8523991Z;70
2024-05-09T14:56:43.9268856Z;74
2024-05-09T14:56:44.0054370Z;78
2024-05-09T14:56:44.0809687Z;75
2024-05-09T14:56:44.1820722Z;100
2024-05-09T14:56:44.2475018Z;65
2024-05-09T14:56:44.3247050Z;76
2024-05-09T14:56:44.3974692Z;72
2024-05-09T14:56:44.4626439Z;64
2024-05-09T14:56:44.5415451Z;78
2024-05-09T14:56:44.6264432Z;84
2024-05-09T14:56:44.7099372Z;82
2024-05-09T14:56:44.7751898Z;64
2024-05-09T14:56:44.8448336Z;69
2024-05-09T14:56:44.9213033Z;76
2024-05-09T14:56:44.9926001Z;70
2024-05-09T14:56:45.0606935Z;67
2024-05-09T14:56:45.1414313Z;79
2024-05-09T14:56:45.2103865Z;68
2024-05-09T14:56:45.2833800Z;72
2024-05-09T14:56:45.3531632Z;69
2024-05-09T14:56:45.4270325Z;73
2024-05-09T14:56:45.5224359Z;94
2024-05-09T14:56:45.5925921Z;69
2024-05-09T14:56:45.6619592Z;68
2024-05-09T14:56:45.7312551Z;68
2024-05-09T14:56:45.7981362Z;66
2024-05-09T14:56:45.8707542Z;72
2024-05-09T14:56:45.9422099Z;71
2024-05-09T14:56:46.0168796Z;74
2024-05-09T14:56:46.1280395Z;110
2024-05-09T14:56:46.2127013Z;84
2024-05-09T14:56:46.2809364Z;67
2024-05-09T14:56:46.3841654Z;102
2024-05-09T14:56:46.4583951Z;73
2024-05-09T14:56:46.5244789Z;64
2024-05-09T14:56:46.6179733Z;93
2024-05-09T14:56:46.6942220Z;75
2024-05-09T14:56:46.7762261Z;77
2024-05-09T14:56:46.8453651Z;68
2024-05-09T14:56:46.9299634Z;84
2024-05-09T14:56:47.0100223Z;79
2024-05-09T14:56:47.0865914Z;76
2024-05-09T14:56:47.1730135Z;86
2024-05-09T14:56:47.2521446Z;78
2024-05-09T14:56:47.3211270Z;68
2024-05-09T14:56:47.3934135Z;71
2024-05-09T14:56:47.4639621Z;70
2024-05-09T14:56:47.5647326Z;100
2024-05-09T14:56:47.6479563Z;82
2024-05-09T14:56:47.7241246Z;75
2024-05-09T14:56:47.7939489Z;69
2024-05-09T14:56:47.8721834Z;77
2024-05-09T14:56:47.9462333Z;73
2024-05-09T14:56:48.0413181Z;94
2024-05-09T14:56:48.1174850Z;75
2024-05-09T14:56:48.1833237Z;65
2024-05-09T14:56:48.2516114Z;67
2024-05-09T14:56:48.3293175Z;77
2024-05-09T14:56:48.4097076Z;80
2024-05-09T14:56:48.5176725Z;106
2024-05-09T14:56:48.5988248Z;80
2024-05-09T14:56:48.6705552Z;71
2024-05-09T14:56:48.7810912Z;110
2024-05-09T14:56:48.8583270Z;76
2024-05-09T14:56:48.9259689Z;67
2024-05-09T14:56:49.0242951Z;97
2024-05-09T14:56:49.1209079Z;96
2024-05-09T14:56:49.2167786Z;95
2024-05-09T14:56:49.2839792Z;66
2024-05-09T14:56:49.3701288Z;85
2024-05-09T14:56:49.4776904Z;107
2024-05-09T14:56:49.5507369Z;72
2024-05-09T14:56:49.6156706Z;64
2024-05-09T14:56:49.7008286Z;84
2024-05-09T14:56:49.7902825Z;88
2024-05-09T14:56:49.8587395Z;68
2024-05-09T14:56:49.9400295Z;80
2024-05-09T14:56:50.0186663Z;78
2024-05-09T14:56:50.0990544Z;80
2024-05-09T14:56:50.1713139Z;71
2024-05-09T14:56:50.2385178Z;66
2024-05-09T14:56:50.3259518Z;87
2024-05-09T14:56:50.3997826Z;73
2024-05-09T14:56:50.4786771Z;78
2024-05-09T14:56:50.5681668Z;89
2024-05-09T14:56:50.6459610Z;77
2024-05-09T14:56:50.7125092Z;64
2024-05-09T14:56:50.7881050Z;75
2024-05-09T14:56:50.8627624Z;74
2024-05-09T14:56:50.9375917Z;74
2024-05-09T14:56:51.0154336Z;76
2024-05-09T14:56:51.0904833Z;74
2024-05-09T14:56:51.1627231Z;71
2024-05-09T14:56:51.2384072Z;75
2024-05-09T14:56:51.3123939Z;73
2024-05-09T14:56:51.3881127Z;75
2024-05-09T14:56:51.5026611Z;114
2024-05-09T14:56:51.5896105Z;86
2024-05-09T14:56:51.6670174Z;76
2024-05-09T14:56:51.7358112Z;67
2024-05-09T14:56:51.8384157Z;102
2024-05-09T14:56:51.9580362Z;119
2024-05-09T14:56:52.0276172Z;69
2024-05-09T14:56:52.1074201Z;79
2024-05-09T14:56:52.2130387Z;105
2024-05-09T14:56:52.2964027Z;83
2024-05-09T14:56:52.3979547Z;101
2024-05-09T14:56:52.4756927Z;77
2024-05-09T14:56:52.5432102Z;67
2024-05-09T14:56:52.6482646Z;104
2024-05-09T14:56:52.7652425Z;116
2024-05-09T14:56:52.8455784Z;79
2024-05-09T14:56:52.9181951Z;72
2024-05-09T14:56:52.9887458Z;70
2024-05-09T14:56:53.0698536Z;80
2024-05-09T14:56:53.1391266Z;67
2024-05-09T14:56:53.2098801Z;69
2024-05-09T14:56:53.2938127Z;83
2024-05-09T14:56:53.3627676Z;68
2024-05-09T14:56:53.4353235Z;72
2024-05-09T14:56:53.5020194Z;66
2024-05-09T14:56:53.5795105Z;77
2024-05-09T14:56:53.6613205Z;81
2024-05-09T14:56:53.7389681Z;77
2024-05-09T14:56:53.8113205Z;72
2024-05-09T14:56:53.8870066Z;75
2024-05-09T14:56:53.9558054Z;68
2024-05-09T14:56:54.0272475Z;71
2024-05-09T14:56:54.0970754Z;69
2024-05-09T14:56:54.1751709Z;77
2024-05-09T14:56:54.2483993Z;72
2024-05-09T14:56:54.3247955Z;76
2024-05-09T14:56:54.4364330Z;111
2024-05-09T14:56:54.5138508Z;77
2024-05-09T14:56:54.5877397Z;73
2024-05-09T14:56:54.7273649Z;139
2024-05-09T14:56:54.7910561Z;63
2024-05-09T14:56:54.8602067Z;68
2024-05-09T14:56:54.9440638Z;83
2024-05-09T14:56:55.0157868Z;71
2024-05-09T14:56:55.1131562Z;97
2024-05-09T14:56:55.2179321Z;104
2024-05-09T14:56:55.3002657Z;80
2024-05-09T14:56:55.3704696Z;69
2024-05-09T14:56:55.4400477Z;69
2024-05-09T14:56:55.5122576Z;71
2024-05-09T14:56:55.6086155Z;96
2024-05-09T14:56:55.6793832Z;70
2024-05-09T14:56:55.7489335Z;69
2024-05-09T14:56:55.8212329Z;72
2024-05-09T14:56:55.9444817Z;122
2024-05-09T14:56:56.0297711Z;83
2024-05-09T14:56:56.1035354Z;73
2024-05-09T14:56:56.2108789Z;106
2024-05-09T14:56:56.2778244Z;66
2024-05-09T14:56:56.3791468Z;99
2024-05-09T14:56:56.4463648Z;66
2024-05-09T14:56:56.5163697Z;69
2024-05-09T14:56:56.5928875Z;76
2024-05-09T14:56:56.6633866Z;70
2024-05-09T14:56:56.7376330Z;73
2024-05-09T14:56:56.8145640Z;76
2024-05-09T14:56:56.8886102Z;73
2024-05-09T14:56:56.9607595Z;71
2024-05-09T14:56:57.0396411Z;78
2024-05-09T14:56:57.1088578Z;68
2024-05-09T14:56:57.1926498Z;83
2024-05-09T14:56:57.2614414Z;68
2024-05-09T14:56:57.3440885Z;82
2024-05-09T14:56:57.4329235Z;88
2024-05-09T14:56:57.5001116Z;66
2024-05-09T14:56:57.6282667Z;126
2024-05-09T14:56:57.6962541Z;67
2024-05-09T14:56:57.7898420Z;93
2024-05-09T14:56:57.8580797Z;67
2024-05-09T14:56:57.9685759Z;110
2024-05-09T14:56:58.0502652Z;81
2024-05-09T14:56:58.1149074Z;64
2024-05-09T14:56:58.2100145Z;94
2024-05-09T14:56:58.2817424Z;71
2024-05-09T14:56:58.3559339Z;73
2024-05-09T14:56:58.4261534Z;69
2024-05-09T14:56:58.5319135Z;105
2024-05-09T14:56:58.6063888Z;74
2024-05-09T14:56:58.6765537Z;69
2024-05-09T14:56:58.7454313Z;68
2024-05-09T14:56:58.8172042Z;71
2024-05-09T14:56:58.9058645Z;88
2024-05-09T14:56:58.9722354Z;66
2024-05-09T14:56:59.0503193Z;75
2024-05-09T14:56:59.1320831Z;81
2024-05-09T14:56:59.2048246Z;71
2024-05-09T14:56:59.2802643Z;74
2024-05-09T14:56:59.3766815Z;95
2024-05-09T14:56:59.4738641Z;96
2024-05-09T14:56:59.5403594Z;66
2024-05-09T14:56:59.6282179Z;87
2024-05-09T14:56:59.6976682Z;69
2024-05-09T14:56:59.7809112Z;82
2024-05-09T14:56:59.8595954Z;78
2024-05-09T14:56:59.9252188Z;65
2024-05-09T14:56:59.9921791Z;66
2024-05-09T14:57:00.0955675Z;103
2024-05-09T14:57:00.1683187Z;72
2024-05-09T14:57:00.2459744Z;77
2024-05-09T14:57:00.3281490Z;81
2024-05-09T14:57:00.4024931Z;74
2024-05-09T14:57:00.4849981Z;82
2024-05-09T14:57:00.5521825Z;66
2024-05-09T14:57:00.6222637Z;69
2024-05-09T14:57:00.7017625Z;79
2024-05-09T14:57:00.7772490Z;73
2024-05-09T14:57:00.8637997Z;86
2024-05-09T14:57:00.9357404Z;71
2024-05-09T14:57:01.0059333Z;69
2024-05-09T14:57:01.0813113Z;75
2024-05-09T14:57:01.1502963Z;68
2024-05-09T14:57:01.2242747Z;73
2024-05-09T14:57:01.3098192Z;85
2024-05-09T14:57:01.3771301Z;66
2024-05-09T14:57:01.4569909Z;79
2024-05-09T14:57:01.5435851Z;86
2024-05-09T14:57:01.6095579Z;65
2024-05-09T14:57:01.6846954Z;74
2024-05-09T14:57:01.7654921Z;80
2024-05-09T14:57:01.8350499Z;69
2024-05-09T14:57:01.9283144Z;92
2024-05-09T14:57:02.0019275Z;73
2024-05-09T14:57:02.0803293Z;77
2024-05-09T14:57:02.1550244Z;73
2024-05-09T14:57:02.2259917Z;70
2024-05-09T14:57:02.3291207Z;102
2024-05-09T14:57:02.3989084Z;69
2024-05-09T14:57:02.4692491Z;69
2024-05-09T14:57:02.5619689Z;92
2024-05-09T14:57:02.6424326Z;80
2024-05-09T14:57:02.7171024Z;74
2024-05-09T14:57:02.7910480Z;73
2024-05-09T14:57:02.8594407Z;68
2024-05-09T14:57:02.9705380Z;110
2024-05-09T14:57:03.0443039Z;73
2024-05-09T14:57:03.1496362Z;105
2024-05-09T14:57:03.2391423Z;89
2024-05-09T14:57:03.3148206Z;75
2024-05-09T14:57:03.4251978Z;110
2024-05-09T14:57:03.4979489Z;72
2024-05-09T14:57:03.5719547Z;73
2024-05-09T14:57:03.6442759Z;72
2024-05-09T14:57:03.7099448Z;65
2024-05-09T14:57:03.8021105Z;91
2024-05-09T14:57:03.8840990Z;81
2024-05-09T14:57:03.9550626Z;70
2024-05-09T14:57:04.0295276Z;74
2024-05-09T14:57:04.0963727Z;66
2024-05-09T14:57:04.2029746Z;106
2024-05-09T14:57:04.2796273Z;76
2024-05-09T14:57:04.3515586Z;71
2024-05-09T14:57:04.4223137Z;70
2024-05-09T14:57:04.5187131Z;96
2024-05-09T14:57:04.5870097Z;67
2024-05-09T14:57:04.7318215Z;144
2024-05-09T14:57:04.8174468Z;85
2024-05-09T14:57:04.8810861Z;63
2024-05-09T14:57:04.9714142Z;90
2024-05-09T14:57:05.0672319Z;95
2024-05-09T14:57:05.1424158Z;74
2024-05-09T14:57:05.2138927Z;71
2024-05-09T14:57:05.2898833Z;75
2024-05-09T14:57:05.3768254Z;86
2024-05-09T14:57:05.4528252Z;75
2024-05-09T14:57:05.5298409Z;76
2024-05-09T14:57:05.6087008Z;78
2024-05-09T14:57:05.6862447Z;77
2024-05-09T14:57:05.7667220Z;80
2024-05-09T14:57:05.8423563Z;75
2024-05-09T14:57:05.9158723Z;73
2024-05-09T14:57:05.9883073Z;71
2024-05-09T14:57:06.1012683Z;112
2024-05-09T14:57:06.1776052Z;75
2024-05-09T14:57:06.2517183Z;73
2024-05-09T14:57:06.3213464Z;69
2024-05-09T14:57:06.3927728Z;70
2024-05-09T14:57:06.4602792Z;67
2024-05-09T14:57:06.5313400Z;70
2024-05-09T14:57:06.6614124Z;129
2024-05-09T14:57:06.7313573Z;68
2024-05-09T14:57:06.8030569Z;71
2024-05-09T14:57:06.8842667Z;80
2024-05-09T14:57:06.9497749Z;65
2024-05-09T14:57:07.0231522Z;72
2024-05-09T14:57:07.0988044Z;74
2024-05-09T14:57:07.1768853Z;77
2024-05-09T14:57:07.2447620Z;67
2024-05-09T14:57:07.3253541Z;80
2024-05-09T14:57:07.4086249Z;83
2024-05-09T14:57:07.4842399Z;75
2024-05-09T14:57:07.5607081Z;76
2024-05-09T14:57:07.6303693Z;69
2024-05-09T14:57:07.7355162Z;104
2024-05-09T14:57:07.8120929Z;76
2024-05-09T14:57:07.8859158Z;73
2024-05-09T14:57:07.9651623Z;78
2024-05-09T14:57:08.0398401Z;74
2024-05-09T14:57:08.1110590Z;70
2024-05-09T14:57:08.1903714Z;79
2024-05-09T14:57:08.2708841Z;80
2024-05-09T14:57:08.3452252Z;73
2024-05-09T14:57:08.4204765Z;74
2024-05-09T14:57:08.5110847Z;90
2024-05-09T14:57:08.5805121Z;68
2024-05-09T14:57:08.6572039Z;76
2024-05-09T14:57:08.7361889Z;78
2024-05-09T14:57:08.8143544Z;75
2024-05-09T14:57:08.8873138Z;72
2024-05-09T14:57:08.9541917Z;66
2024-05-09T14:57:09.0237301Z;69
2024-05-09T14:57:09.1443263Z;120
2024-05-09T14:57:09.2202298Z;75
2024-05-09T14:57:09.3001838Z;79
2024-05-09T14:57:09.3883201Z;84
2024-05-09T14:57:09.4703535Z;81
2024-05-09T14:57:09.5782620Z;107
2024-05-09T14:57:09.6474190Z;68
2024-05-09T14:57:09.7169875Z;69
2024-05-09T14:57:09.8079933Z;90
2024-05-09T14:57:09.8976662Z;87
2024-05-09T14:57:09.9953338Z;97
2024-05-09T14:57:10.0605583Z;64
2024-05-09T14:57:10.1363786Z;75
2024-05-09T14:57:10.2249032Z;88
2024-05-09T14:57:10.3007609Z;75
2024-05-09T14:57:10.3746751Z;73
2024-05-09T14:57:10.4577657Z;82
2024-05-09T14:57:10.5268404Z;68
2024-05-09T14:57:10.6156092Z;88
2024-05-09T14:57:10.6932328Z;77
2024-05-09T14:57:10.7628601Z;69
2024-05-09T14:57:10.8575253Z;94
2024-05-09T14:57:10.9461811Z;88
2024-05-09T14:57:11.0134295Z;66
2024-05-09T14:57:11.0857940Z;72
2024-05-09T14:57:11.1630225Z;76
2024-05-09T14:57:11.2352999Z;71
2024-05-09T14:57:11.3075061Z;71
2024-05-09T14:57:11.3865668Z;78
2024-05-09T14:57:11.4620580Z;75
2024-05-09T14:57:11.5596001Z;97
2024-05-09T14:57:11.6637571Z;103
2024-05-09T14:57:11.7411193Z;77
2024-05-09T14:57:11.8349560Z;93
2024-05-09T14:57:11.9125430Z;77
2024-05-09T14:57:11.9847171Z;71
2024-05-09T14:57:12.0509309Z;65
2024-05-09T14:57:12.1197064Z;68
2024-05-09T14:57:12.2021139Z;81
2024-05-09T14:57:12.2702561Z;67
2024-05-09T14:57:12.3538202Z;83
2024-05-09T14:57:12.4266719Z;72
2024-05-09T14:57:12.5300251Z;103
2024-05-09T14:57:12.5931741Z;62
2024-05-09T14:57:12.6778536Z;84
2024-05-09T14:57:12.7528470Z;74
2024-05-09T14:57:12.8640599Z;110
2024-05-09T14:57:12.9617360Z;97
2024-05-09T14:57:13.0409902Z;78
2024-05-09T14:57:13.1138100Z;72
2024-05-09T14:57:13.1992942Z;85
2024-05-09T14:57:13.2688485Z;69
2024-05-09T14:57:13.3375396Z;68
2024-05-09T14:57:13.4685914Z;130
2024-05-09T14:57:13.5449801Z;75
2024-05-09T14:57:13.6160832Z;70
2024-05-09T14:57:13.6874749Z;66
2024-05-09T14:57:13.7728434Z;84
2024-05-09T14:57:13.8419286Z;68
2024-05-09T14:57:13.9154598Z;73
2024-05-09T14:57:13.9897716Z;73
2024-05-09T14:57:14.0670275Z;69
2024-05-09T14:57:14.1459316Z;78
2024-05-09T14:57:14.2333590Z;86
2024-05-09T14:57:14.3005062Z;66
2024-05-09T14:57:14.3718504Z;71
2024-05-09T14:57:14.4400803Z;67
2024-05-09T14:57:14.5106912Z;70
2024-05-09T14:57:14.5990361Z;87
2024-05-09T14:57:14.7140055Z;114
2024-05-09T14:57:14.7813094Z;67
2024-05-09T14:57:14.8639538Z;82
2024-05-09T14:57:14.9331867Z;68
2024-05-09T14:57:15.0033740Z;69
2024-05-09T14:57:15.0786390Z;75
2024-05-09T14:57:15.1494503Z;70
2024-05-09T14:57:15.2383185Z;88
2024-05-09T14:57:15.3107186Z;72
2024-05-09T14:57:15.4051498Z;94
2024-05-09T14:57:15.5244352Z;118
2024-05-09T14:57:15.6061498Z;81
2024-05-09T14:57:15.6920964Z;85
2024-05-09T14:57:15.7695451Z;77
2024-05-09T14:57:15.8399063Z;70
2024-05-09T14:57:15.9256625Z;85
2024-05-09T14:57:16.0365164Z;110
2024-05-09T14:57:16.1003048Z;63
2024-05-09T14:57:16.1713815Z;70
2024-05-09T14:57:16.2435461Z;71
2024-05-09T14:57:16.3153085Z;70
2024-05-09T14:57:16.3849118Z;69
2024-05-09T14:57:16.4584133Z;73
2024-05-09T14:57:16.5298764Z;70
2024-05-09T14:57:16.6012443Z;70
2024-05-09T14:57:16.6684365Z;66
2024-05-09T14:57:16.7424335Z;73
2024-05-09T14:57:16.8264630Z;83
2024-05-09T14:57:16.8987965Z;71
2024-05-09T14:57:16.9693331Z;70
2024-05-09T14:57:17.0327572Z;63
2024-05-09T14:57:17.1039298Z;70
2024-05-09T14:57:17.1758360Z;71
2024-05-09T14:57:17.2519284Z;75
2024-05-09T14:57:17.3252913Z;70
2024-05-09T14:57:17.3990461Z;73
2024-05-09T14:57:17.4697678Z;70
2024-05-09T14:57:17.5407094Z;70
2024-05-09T14:57:17.6273842Z;85
2024-05-09T14:57:17.7600779Z;132
2024-05-09T14:57:17.8264324Z;66
2024-05-09T14:57:17.9186302Z;91
2024-05-09T14:57:18.0243701Z;105
2024-05-09T14:57:18.1066876Z;82
2024-05-09T14:57:18.1842825Z;77
2024-05-09T14:57:18.3020622Z;115
2024-05-09T14:57:18.4445563Z;142
2024-05-09T14:57:18.5723052Z;125
2024-05-09T14:57:18.6477549Z;75
2024-05-09T14:57:18.7378416Z;89
2024-05-09T14:57:18.8159321Z;77
2024-05-09T14:57:18.8853686Z;69
2024-05-09T14:57:18.9601264Z;74
2024-05-09T14:57:19.0296879Z;68
2024-05-09T14:57:19.0989962Z;68
2024-05-09T14:57:19.1725135Z;73
2024-05-09T14:57:19.2545329Z;81
2024-05-09T14:57:19.3301652Z;75
2024-05-09T14:57:19.4026651Z;72
2024-05-09T14:57:19.4750317Z;72
2024-05-09T14:57:19.5416918Z;66
2024-05-09T14:57:19.6145611Z;72
2024-05-09T14:57:19.6826417Z;67
2024-05-09T14:57:19.7540751Z;71
2024-05-09T14:57:19.8363947Z;81
2024-05-09T14:57:19.9085840Z;71
2024-05-09T14:57:19.9842548Z;75
2024-05-09T14:57:20.0651631Z;80
2024-05-09T14:57:20.1355046Z;69
2024-05-09T14:57:20.2179866Z;82
2024-05-09T14:57:20.2902104Z;71
2024-05-09T14:57:20.3917438Z;101
2024-05-09T14:57:20.4706057Z;78
2024-05-09T14:57:20.5765063Z;105
2024-05-09T14:57:20.6637542Z;85
2024-05-09T14:57:20.7288607Z;64
2024-05-09T14:57:20.8054863Z;76
2024-05-09T14:57:20.8747988Z;69
2024-05-09T14:57:20.9576183Z;82
2024-05-09T14:57:21.0401621Z;82
2024-05-09T14:57:21.1407487Z;100
2024-05-09T14:57:21.2246026Z;83
2024-05-09T14:57:21.3347884Z;108
2024-05-09T14:57:21.4025090Z;67
2024-05-09T14:57:21.4695436Z;66
2024-05-09T14:57:21.5459651Z;76
2024-05-09T14:57:21.6205280Z;74
2024-05-09T14:57:21.7286052Z;107
2024-05-09T14:57:21.7958358Z;66
2024-05-09T14:57:21.8698215Z;73
2024-05-09T14:57:21.9436105Z;73
2024-05-09T14:57:22.0663459Z;122
2024-05-09T14:57:22.1388297Z;72
2024-05-09T14:57:22.2141978Z;75
2024-05-09T14:57:22.2806924Z;66
2024-05-09T14:57:22.3503876Z;69
2024-05-09T14:57:22.4277813Z;73
2024-05-09T14:57:22.4945690Z;65
2024-05-09T14:57:22.5757315Z;80
2024-05-09T14:57:22.6660722Z;90
2024-05-09T14:57:22.7482444Z;81
2024-05-09T14:57:22.8495271Z;101
2024-05-09T14:57:22.9150194Z;65
2024-05-09T14:57:23.0092618Z;93
2024-05-09T14:57:23.0923833Z;82
2024-05-09T14:57:23.1738367Z;80
2024-05-09T14:57:23.2420960Z;66
2024-05-09T14:57:23.3262476Z;83
2024-05-09T14:57:23.4017680Z;75
2024-05-09T14:57:23.5231001Z;120
2024-05-09T14:57:23.5929722Z;69
2024-05-09T14:57:23.6705315Z;76
2024-05-09T14:57:23.7520009Z;80
2024-05-09T14:57:23.8527540Z;96
2024-05-09T14:57:23.9226716Z;69
2024-05-09T14:57:24.0243553Z;101
2024-05-09T14:57:24.0933430Z;67
2024-05-09T14:57:24.1626755Z;68
2024-05-09T14:57:24.2311048Z;68
2024-05-09T14:57:24.3365334Z;105
2024-05-09T14:57:24.4056197Z;68
2024-05-09T14:57:24.4714448Z;65
2024-05-09T14:57:24.5391237Z;67
2024-05-09T14:57:24.6308526Z;91
2024-05-09T14:57:24.7337983Z;102
2024-05-09T14:57:24.8005806Z;66
2024-05-09T14:57:24.8696369Z;68
2024-05-09T14:57:24.9401890Z;70
2024-05-09T14:57:25.0123852Z;71
2024-05-09T14:57:25.0922603Z;79
2024-05-09T14:57:25.1973536Z;104
2024-05-09T14:57:25.2902171Z;92
2024-05-09T14:57:25.3721569Z;81
2024-05-09T14:57:25.4685905Z;96
2024-05-09T14:57:25.5721478Z;103
2024-05-09T14:57:25.6477830Z;75
2024-05-09T14:57:25.7283217Z;80
2024-05-09T14:57:25.8038741Z;75
2024-05-09T14:57:25.8818526Z;77
2024-05-09T14:57:25.9721875Z;90
2024-05-09T14:57:26.0388157Z;66
2024-05-09T14:57:26.1290644Z;89
2024-05-09T14:57:26.2106310Z;81
2024-05-09T14:57:26.2778664Z;66
2024-05-09T14:57:26.3533536Z;75
2024-05-09T14:57:26.4371836Z;83
2024-05-09T14:57:26.5618363Z;78
2024-05-09T14:57:26.6291124Z;66
2024-05-09T14:57:26.6977507Z;68
2024-05-09T14:57:26.7685413Z;70
2024-05-09T14:57:26.8438698Z;75
2024-05-09T14:57:26.9484601Z;75
2024-05-09T14:57:27.0139276Z;65
2024-05-09T14:57:27.0805304Z;66
2024-05-09T14:57:27.1551809Z;74
2024-05-09T14:57:27.2256985Z;70
2024-05-09T14:57:27.3493957Z;123
2024-05-09T14:57:27.4291199Z;79
2024-05-09T14:57:27.4947793Z;65
2024-05-09T14:57:27.5668496Z;71
2024-05-09T14:57:27.6423484Z;75
2024-05-09T14:57:27.7399287Z;97
2024-05-09T14:57:27.8440561Z;103
2024-05-09T14:57:27.9416595Z;97
2024-05-09T14:57:28.0172751Z;75
2024-05-09T14:57:28.0941267Z;76
2024-05-09T14:57:28.1690829Z;74
2024-05-09T14:57:28.2863121Z;116
2024-05-09T14:57:28.3501949Z;63
2024-05-09T14:57:28.4292226Z;78
2024-05-09T14:57:28.5282279Z;98
2024-05-09T14:57:28.6104279Z;80
2024-05-09T14:57:28.7181165Z;106
2024-05-09T14:57:28.8015218Z;83
2024-05-09T14:57:28.8776689Z;75
2024-05-09T14:57:28.9465099Z;68
2024-05-09T14:57:29.0238433Z;77
2024-05-09T14:57:29.0927171Z;68
2024-05-09T14:57:29.1617374Z;68
2024-05-09T14:57:29.2863633Z;79
2024-05-09T14:57:29.3633271Z;76
2024-05-09T14:57:29.4306418Z;66
2024-05-09T14:57:29.5062041Z;73
2024-05-09T14:57:29.5734515Z;66
2024-05-09T14:57:29.6440128Z;70
2024-05-09T14:57:29.7173241Z;72
2024-05-09T14:57:29.7878534Z;70
2024-05-09T14:57:29.8565389Z;68
2024-05-09T14:57:29.9329408Z;75
2024-05-09T14:57:30.0087726Z;75
2024-05-09T14:57:30.0816659Z;72
2024-05-09T14:57:30.1489544Z;66
2024-05-09T14:57:30.2674488Z;118
2024-05-09T14:57:30.3360250Z;67
2024-05-09T14:57:30.4086413Z;72
2024-05-09T14:57:30.4831546Z;74
2024-05-09T14:57:30.5554175Z;71
2024-05-09T14:57:30.6313055Z;75
2024-05-09T14:57:30.7060685Z;74
2024-05-09T14:57:30.7953882Z;89
2024-05-09T14:57:30.8818333Z;85
2024-05-09T14:57:30.9574168Z;75
2024-05-09T14:57:31.0322618Z;74
2024-05-09T14:57:31.1001032Z;65
2024-05-09T14:57:31.1795928Z;78
2024-05-09T14:57:31.2625407Z;82
2024-05-09T14:57:31.3363015Z;73
2024-05-09T14:57:31.4069513Z;70
2024-05-09T14:57:31.4826741Z;75
2024-05-09T14:57:31.5543005Z;71
2024-05-09T14:57:31.6346082Z;77
2024-05-09T14:57:31.7034833Z;68
2024-05-09T14:57:31.8085878Z;104
2024-05-09T14:57:31.9361078Z;127
2024-05-09T14:57:32.0269954Z;86
2024-05-09T14:57:32.1042358Z;76
2024-05-09T14:57:32.1832957Z;78
2024-05-09T14:57:32.2539396Z;70
2024-05-09T14:57:32.3212712Z;66
2024-05-09T14:57:32.3982024Z;76
2024-05-09T14:57:32.4639337Z;65
2024-05-09T14:57:32.5413817Z;77
2024-05-09T14:57:32.6211362Z;79
2024-05-09T14:57:32.6976103Z;76
2024-05-09T14:57:32.7733534Z;75
2024-05-09T14:57:32.8504340Z;76
2024-05-09T14:57:32.9194491Z;68
2024-05-09T14:57:33.0067177Z;86
2024-05-09T14:57:33.0941641Z;87
2024-05-09T14:57:33.1799490Z;85
2024-05-09T14:57:33.2840469Z;99
2024-05-09T14:57:33.3587191Z;74
2024-05-09T14:57:33.4322498Z;73
2024-05-09T14:57:33.5063551Z;73
2024-05-09T14:57:33.6151475Z;108
2024-05-09T14:57:33.6975347Z;82
2024-05-09T14:57:33.7680907Z;70
2024-05-09T14:57:33.8451261Z;76
2024-05-09T14:57:33.9123001Z;66
2024-05-09T14:57:33.9898093Z;77
2024-05-09T14:57:34.0801757Z;90
2024-05-09T14:57:34.1892225Z;108
2024-05-09T14:57:34.2688587Z;79
2024-05-09T14:57:34.3394265Z;70
2024-05-09T14:57:34.4067225Z;67
2024-05-09T14:57:34.4906275Z;83
2024-05-09T14:57:34.5748386Z;83
2024-05-09T14:57:34.6694653Z;93
2024-05-09T14:57:34.7662518Z;81
2024-05-09T14:57:34.8368873Z;70
2024-05-09T14:57:34.9089597Z;71
2024-05-09T14:57:34.9775275Z;68
2024-05-09T14:57:35.0537158Z;75
2024-05-09T14:57:35.1270719Z;73
2024-05-09T14:57:35.2399008Z;112
2024-05-09T14:57:35.3246110Z;84
2024-05-09T14:57:35.4398828Z;114
2024-05-09T14:57:35.5242463Z;84
2024-05-09T14:57:35.5932549Z;68
2024-05-09T14:57:35.6696134Z;75
2024-05-09T14:57:35.7540465Z;84
2024-05-09T14:57:35.8335816Z;79
2024-05-09T14:57:35.9006412Z;66
2024-05-09T14:57:35.9758130Z;74
2024-05-09T14:57:36.0527265Z;76
2024-05-09T14:57:36.1481734Z;95
2024-05-09T14:57:36.2285149Z;80
2024-05-09T14:57:36.3091411Z;80
2024-05-09T14:57:36.4149525Z;105
2024-05-09T14:57:36.4807884Z;65
2024-05-09T14:57:36.5514765Z;69
2024-05-09T14:57:36.6217078Z;69
2024-05-09T14:57:36.6931048Z;71
2024-05-09T14:57:36.7762313Z;82
2024-05-09T14:57:36.8628360Z;86
2024-05-09T14:57:36.9425549Z;79
2024-05-09T14:57:37.0198827Z;76
2024-05-09T14:57:37.0963008Z;75
2024-05-09T14:57:37.1694699Z;72
2024-05-09T14:57:37.2417550Z;71
2024-05-09T14:57:37.3170425Z;75
2024-05-09T14:57:37.3972020Z;79
2024-05-09T14:57:37.5191273Z;102
2024-05-09T14:57:37.6063278Z;86
2024-05-09T14:57:37.6755808Z;68
2024-05-09T14:57:37.7488359Z;72
2024-05-09T14:57:37.8591692Z;110
2024-05-09T14:57:37.9287859Z;69
2024-05-09T14:57:38.0174535Z;88
2024-05-09T14:57:38.1009983Z;83
2024-05-09T14:57:39.0535128Z;952
2024-05-09T14:57:39.1289705Z;75
2024-05-09T14:57:39.2052029Z;75
2024-05-09T14:57:39.3004627Z;94
2024-05-09T14:57:39.3772893Z;76
2024-05-09T14:57:39.4550247Z;77
2024-05-09T14:57:39.5542335Z;98
2024-05-09T14:57:39.6415553Z;87
2024-05-09T14:57:39.7138376Z;72
2024-05-09T14:57:39.7864183Z;72
2024-05-09T14:57:39.8600200Z;73
2024-05-09T14:57:39.9288740Z;68
2024-05-09T14:57:39.9989511Z;69
2024-05-09T14:57:40.0786853Z;79
2024-05-09T14:57:40.2179295Z;87
2024-05-09T14:57:40.2876302Z;69
2024-05-09T14:57:40.3576637Z;69
2024-05-09T14:57:40.4466177Z;87
2024-05-09T14:57:40.5154414Z;68
2024-05-09T14:57:40.5935091Z;77
2024-05-09T14:57:40.6778378Z;83
2024-05-09T14:57:40.7544385Z;76
2024-05-09T14:57:40.8515117Z;96
2024-05-09T14:57:40.9256051Z;73
2024-05-09T14:57:41.0100250Z;84
2024-05-09T14:57:41.0910342Z;80
2024-05-09T14:57:41.1587905Z;67
2024-05-09T14:57:41.2528484Z;93
2024-05-09T14:57:41.3352934Z;82
2024-05-09T14:57:41.4061444Z;70
2024-05-09T14:57:41.4830710Z;76
