2024-05-09T13:53:49.4681825Z;4429
2024-05-09T13:53:50.9160223Z;1447
2024-05-09T13:53:50.9832796Z;66
2024-05-09T13:53:51.0463977Z;62
2024-05-09T13:53:51.1084565Z;61
2024-05-09T13:53:51.1705987Z;61
2024-05-09T13:53:51.2326415Z;61
2024-05-09T13:53:51.2948773Z;61
2024-05-09T13:53:51.3604252Z;65
2024-05-09T13:53:51.4294368Z;68
2024-05-09T13:53:51.4965574Z;66
2024-05-09T13:53:51.5638798Z;66
2024-05-09T13:53:51.6293406Z;65
2024-05-09T13:53:51.7065721Z;76
2024-05-09T13:53:51.8715117Z;164
2024-05-09T13:53:51.9873206Z;115
2024-05-09T13:53:52.0530454Z;65
2024-05-09T13:53:52.1183312Z;64
2024-05-09T13:53:52.1821312Z;63
2024-05-09T13:53:52.2476377Z;65
2024-05-09T13:53:52.3166350Z;68
2024-05-09T13:53:52.3821389Z;65
2024-05-09T13:53:52.4476786Z;64
2024-05-09T13:53:52.5182037Z;70
2024-05-09T13:53:55.3258353Z;2807
2024-05-09T13:53:59.3530646Z;4026
2024-05-09T13:53:59.4252781Z;71
2024-05-09T13:53:59.4925372Z;66
2024-05-09T13:53:59.5547070Z;61
2024-05-09T13:53:59.6353361Z;80
2024-05-09T13:53:59.6976314Z;61
2024-05-09T13:53:59.7790157Z;80
2024-05-09T13:53:59.8605539Z;81
2024-05-09T13:53:59.9372561Z;76
2024-05-09T13:54:00.0170039Z;79
2024-05-09T13:54:00.0823445Z;65
2024-05-09T13:54:00.1441809Z;61
2024-05-09T13:54:00.2102372Z;65
2024-05-09T13:54:00.2723083Z;61
2024-05-09T13:54:00.3328090Z;60
2024-05-09T13:54:00.4018017Z;68
2024-05-09T13:54:00.4689950Z;66
2024-05-09T13:54:00.5328430Z;63
2024-05-09T13:54:00.6084578Z;75
2024-05-09T13:54:00.6705866Z;61
2024-05-09T13:54:00.7394893Z;68
2024-05-09T13:54:00.8020576Z;62
2024-05-09T13:54:00.8642279Z;61
2024-05-09T13:54:00.9293621Z;64
2024-05-09T13:54:01.0017529Z;72
2024-05-09T13:54:01.0739320Z;71
2024-05-09T13:54:01.1412428Z;66
2024-05-09T13:54:01.2047428Z;63
2024-05-09T13:54:01.2672025Z;62
2024-05-09T13:54:01.3343647Z;66
2024-05-09T13:54:01.4065548Z;71
2024-05-09T13:54:01.4758334Z;68
2024-05-09T13:54:01.5427346Z;66
2024-05-09T13:54:01.6100748Z;67
2024-05-09T13:54:01.6739290Z;63
2024-05-09T13:54:01.7478491Z;73
2024-05-09T13:54:01.8200749Z;71
2024-05-09T13:54:01.8957442Z;75
2024-05-09T13:54:01.9613883Z;65
2024-05-09T13:54:02.0284749Z;66
2024-05-09T13:54:02.1083991Z;79
2024-05-09T13:54:02.2053454Z;96
2024-05-09T13:54:02.3192501Z;113
2024-05-09T13:54:02.4050239Z;85
2024-05-09T13:54:02.4704609Z;65
2024-05-09T13:54:02.5363706Z;65
2024-05-09T13:54:02.6083310Z;71
2024-05-09T13:54:02.6771674Z;68
2024-05-09T13:54:02.7579433Z;80
2024-05-09T13:54:02.8250519Z;66
2024-05-09T13:54:02.8909158Z;65
2024-05-09T13:54:02.9594569Z;68
2024-05-09T13:54:03.1420926Z;182
2024-05-09T13:54:03.2081750Z;65
2024-05-09T13:54:03.2728063Z;64
2024-05-09T13:54:03.3477869Z;74
2024-05-09T13:54:03.4249578Z;76
2024-05-09T13:54:03.5040524Z;78
2024-05-09T13:54:03.5678441Z;63
2024-05-09T13:54:03.6468211Z;78
2024-05-09T13:54:03.7166805Z;69
2024-05-09T13:54:03.7901293Z;73
2024-05-09T13:54:03.8536328Z;63
2024-05-09T13:54:03.9391683Z;85
2024-05-09T13:54:04.0132132Z;73
2024-05-09T13:54:04.0770884Z;63
2024-05-09T13:54:04.1870395Z;109
2024-05-09T13:54:04.2686736Z;81
2024-05-09T13:54:04.3376665Z;68
2024-05-09T13:54:04.4014784Z;63
2024-05-09T13:54:04.4771175Z;75
2024-05-09T13:54:04.5559355Z;78
2024-05-09T13:54:04.6354356Z;79
2024-05-09T13:54:04.6988547Z;63
2024-05-09T13:54:04.7694640Z;70
2024-05-09T13:54:04.8686895Z;98
2024-05-09T13:54:04.9711412Z;102
2024-05-09T13:54:05.0500616Z;78
2024-05-09T13:54:05.1308207Z;80
2024-05-09T13:54:05.2335323Z;102
2024-05-09T13:54:05.3106075Z;76
2024-05-09T13:54:05.4132965Z;102
2024-05-09T13:54:05.4756666Z;61
2024-05-09T13:54:05.5388791Z;62
2024-05-09T13:54:05.6119739Z;72
2024-05-09T13:54:05.6819836Z;69
2024-05-09T13:54:05.7570833Z;74
2024-05-09T13:54:05.8299457Z;72
2024-05-09T13:54:05.8939215Z;63
2024-05-09T13:54:05.9919799Z;97
2024-05-09T13:54:06.0702079Z;77
2024-05-09T13:54:06.1390636Z;68
2024-05-09T13:54:06.2096591Z;70
2024-05-09T13:54:06.2769826Z;66
2024-05-09T13:54:06.3593564Z;82
2024-05-09T13:54:06.4215424Z;61
2024-05-09T13:54:06.4955315Z;73
2024-05-09T13:54:06.5659888Z;69
2024-05-09T13:54:06.6809778Z;114
2024-05-09T13:54:06.7439296Z;62
2024-05-09T13:54:06.8180983Z;73
2024-05-09T13:54:06.8936381Z;75
2024-05-09T13:54:06.9685406Z;74
2024-05-09T13:54:07.0349247Z;65
2024-05-09T13:54:07.1010038Z;65
2024-05-09T13:54:07.1780230Z;76
2024-05-09T13:54:07.2506601Z;72
2024-05-09T13:54:07.3137939Z;62
2024-05-09T13:54:07.3794420Z;65
2024-05-09T13:54:07.4498914Z;70
2024-05-09T13:54:07.5200747Z;69
2024-05-09T13:54:07.5894756Z;69
2024-05-09T13:54:07.6735255Z;83
2024-05-09T13:54:07.7372300Z;63
2024-05-09T13:54:07.8104962Z;72
2024-05-09T13:54:07.9111898Z;100
2024-05-09T13:54:08.0033720Z;91
2024-05-09T13:54:08.0949765Z;91
2024-05-09T13:54:08.1792610Z;83
2024-05-09T13:54:08.2566768Z;77
2024-05-09T13:54:08.3205096Z;63
2024-05-09T13:54:08.3822198Z;61
2024-05-09T13:54:08.4482446Z;65
2024-05-09T13:54:08.5188332Z;70
2024-05-09T13:54:08.5909419Z;71
2024-05-09T13:54:08.6542489Z;62
2024-05-09T13:54:08.7288211Z;74
2024-05-09T13:54:08.7910328Z;61
2024-05-09T13:54:08.8548844Z;63
2024-05-09T13:54:08.9270415Z;70
2024-05-09T13:54:09.0010965Z;73
2024-05-09T13:54:09.0679273Z;66
2024-05-09T13:54:09.1369858Z;68
2024-05-09T13:54:09.2129292Z;75
2024-05-09T13:54:09.2766861Z;63
2024-05-09T13:54:09.3479520Z;70
2024-05-09T13:54:09.4130428Z;64
2024-05-09T13:54:09.5601251Z;146
2024-05-09T13:54:09.6432055Z;82
2024-05-09T13:54:09.7070045Z;63
2024-05-09T13:54:09.8196006Z;112
2024-05-09T13:54:09.8816719Z;61
2024-05-09T13:54:09.9513940Z;69
2024-05-09T13:54:10.0262332Z;74
2024-05-09T13:54:10.1456282Z;119
2024-05-09T13:54:10.2625118Z;116
2024-05-09T13:54:10.3305457Z;67
2024-05-09T13:54:10.4077212Z;76
2024-05-09T13:54:10.4868794Z;78
2024-05-09T13:54:10.5622655Z;74
2024-05-09T13:54:10.6245406Z;61
2024-05-09T13:54:10.7017828Z;76
2024-05-09T13:54:10.7675316Z;65
2024-05-09T13:54:10.8330238Z;65
2024-05-09T13:54:10.9065956Z;73
2024-05-09T13:54:10.9774677Z;70
2024-05-09T13:54:11.0451584Z;67
2024-05-09T13:54:11.1303520Z;83
2024-05-09T13:54:11.1958835Z;65
2024-05-09T13:54:11.2648071Z;68
2024-05-09T13:54:11.3403699Z;75
2024-05-09T13:54:11.4141649Z;73
2024-05-09T13:54:11.4833128Z;68
2024-05-09T13:54:11.5482543Z;64
2024-05-09T13:54:11.6175040Z;68
2024-05-09T13:54:11.7034179Z;85
2024-05-09T13:54:11.7908881Z;86
2024-05-09T13:54:11.8529637Z;61
2024-05-09T13:54:11.9204465Z;67
2024-05-09T13:54:11.9926278Z;71
2024-05-09T13:54:12.0680613Z;75
2024-05-09T13:54:12.1513615Z;82
2024-05-09T13:54:12.2260872Z;74
2024-05-09T13:54:12.2899296Z;63
2024-05-09T13:54:12.3538152Z;63
2024-05-09T13:54:12.4361597Z;81
2024-05-09T13:54:12.5036320Z;67
2024-05-09T13:54:12.5706663Z;66
2024-05-09T13:54:12.6328439Z;61
2024-05-09T13:54:12.7169509Z;83
2024-05-09T13:54:12.8049967Z;86
2024-05-09T13:54:12.8681117Z;62
2024-05-09T13:54:12.9383852Z;69
2024-05-09T13:54:13.0209914Z;82
2024-05-09T13:54:13.1377474Z;116
2024-05-09T13:54:13.2119366Z;73
2024-05-09T13:54:13.2812324Z;67
2024-05-09T13:54:13.3627306Z;81
2024-05-09T13:54:13.4646205Z;101
2024-05-09T13:54:13.5520170Z;87
2024-05-09T13:54:13.6369397Z;84
2024-05-09T13:54:13.7216983Z;84
2024-05-09T13:54:13.8175245Z;95
2024-05-09T13:54:13.8932008Z;75
2024-05-09T13:54:13.9622125Z;68
2024-05-09T13:54:14.0312073Z;68
2024-05-09T13:54:14.0970064Z;65
2024-05-09T13:54:14.2141467Z;116
2024-05-09T13:54:14.2898549Z;75
2024-05-09T13:54:14.3713543Z;80
2024-05-09T13:54:14.4494358Z;77
2024-05-09T13:54:14.5182886Z;68
2024-05-09T13:54:14.5889009Z;70
2024-05-09T13:54:14.6562473Z;67
2024-05-09T13:54:14.7258969Z;69
2024-05-09T13:54:14.8174837Z;91
2024-05-09T13:54:14.8864857Z;68
2024-05-09T13:54:14.9550467Z;68
2024-05-09T13:54:15.0191948Z;63
2024-05-09T13:54:15.0896633Z;70
2024-05-09T13:54:15.1630146Z;72
2024-05-09T13:54:15.2242628Z;60
2024-05-09T13:54:15.2955287Z;69
2024-05-09T13:54:15.3652950Z;69
2024-05-09T13:54:15.4779590Z;112
2024-05-09T13:54:15.5520832Z;73
2024-05-09T13:54:15.6191600Z;66
2024-05-09T13:54:15.6871775Z;66
2024-05-09T13:54:15.7786097Z;91
2024-05-09T13:54:15.8459595Z;67
2024-05-09T13:54:15.9132669Z;67
2024-05-09T13:54:15.9838961Z;70
2024-05-09T13:54:16.0483979Z;64
2024-05-09T13:54:16.1131388Z;64
2024-05-09T13:54:16.1845997Z;69
2024-05-09T13:54:16.2661556Z;81
2024-05-09T13:54:16.3401753Z;72
2024-05-09T13:54:16.4061835Z;65
2024-05-09T13:54:16.4756948Z;69
2024-05-09T13:54:16.5495765Z;73
2024-05-09T13:54:16.6240579Z;74
2024-05-09T13:54:16.6869851Z;62
2024-05-09T13:54:16.7753564Z;87
2024-05-09T13:54:16.8491985Z;73
2024-05-09T13:54:16.9165302Z;66
2024-05-09T13:54:16.9854586Z;65
2024-05-09T13:54:17.0525055Z;66
2024-05-09T13:54:17.1183455Z;65
2024-05-09T13:54:17.2300497Z;111
2024-05-09T13:54:17.3046066Z;74
2024-05-09T13:54:17.3736451Z;68
2024-05-09T13:54:17.4389141Z;64
2024-05-09T13:54:17.5131068Z;73
2024-05-09T13:54:17.5853575Z;71
2024-05-09T13:54:17.6543071Z;67
2024-05-09T13:54:17.7197635Z;65
2024-05-09T13:54:17.7937335Z;73
2024-05-09T13:54:17.8559590Z;60
2024-05-09T13:54:17.9342540Z;77
2024-05-09T13:54:18.0055155Z;70
2024-05-09T13:54:18.0736118Z;67
2024-05-09T13:54:18.1424564Z;68
2024-05-09T13:54:18.3036128Z;103
2024-05-09T13:54:18.4006201Z;96
2024-05-09T13:54:18.4793426Z;78
2024-05-09T13:54:18.5519671Z;72
2024-05-09T13:54:18.6189192Z;66
2024-05-09T13:54:18.7012238Z;82
2024-05-09T13:54:18.7719063Z;70
2024-05-09T13:54:18.8390906Z;66
2024-05-09T13:54:18.9079037Z;68
2024-05-09T13:54:18.9769742Z;68
2024-05-09T13:54:19.0519182Z;74
2024-05-09T13:54:19.1252629Z;72
2024-05-09T13:54:19.2026518Z;77
2024-05-09T13:54:19.2813210Z;78
2024-05-09T13:54:19.3576614Z;75
2024-05-09T13:54:19.4478517Z;89
2024-05-09T13:54:19.5245595Z;75
2024-05-09T13:54:19.6239417Z;99
2024-05-09T13:54:19.7191589Z;94
2024-05-09T13:54:19.7969291Z;77
2024-05-09T13:54:19.8893401Z;92
2024-05-09T13:54:19.9617230Z;72
2024-05-09T13:54:20.0272747Z;65
2024-05-09T13:54:20.0893704Z;61
2024-05-09T13:54:20.1683761Z;78
2024-05-09T13:54:20.2423715Z;73
2024-05-09T13:54:20.3044954Z;61
2024-05-09T13:54:20.3784930Z;73
2024-05-09T13:54:20.4479111Z;69
2024-05-09T13:54:20.5145194Z;66
2024-05-09T13:54:20.5832480Z;68
2024-05-09T13:54:20.6541081Z;70
2024-05-09T13:54:20.7783379Z;123
2024-05-09T13:54:20.8591450Z;80
2024-05-09T13:54:20.9212533Z;61
2024-05-09T13:54:21.0052592Z;83
2024-05-09T13:54:21.0943644Z;88
2024-05-09T13:54:21.1783822Z;83
2024-05-09T13:54:21.2540943Z;74
2024-05-09T13:54:21.3195023Z;64
2024-05-09T13:54:21.3834003Z;63
2024-05-09T13:54:21.4556491Z;71
2024-05-09T13:54:21.5262619Z;70
2024-05-09T13:54:21.5939240Z;67
2024-05-09T13:54:21.6630865Z;68
2024-05-09T13:54:21.7328994Z;69
2024-05-09T13:54:21.8103618Z;77
2024-05-09T13:54:21.8768751Z;66
2024-05-09T13:54:21.9866802Z;109
2024-05-09T13:54:22.1423372Z;151
2024-05-09T13:54:22.2925626Z;149
2024-05-09T13:54:22.4304162Z;137
2024-05-09T13:54:22.5383278Z;107
2024-05-09T13:54:22.6020089Z;62
2024-05-09T13:54:22.6724630Z;70
2024-05-09T13:54:22.7554203Z;74
2024-05-09T13:54:22.8237209Z;67
2024-05-09T13:54:22.9042688Z;80
2024-05-09T13:54:22.9832655Z;78
2024-05-09T13:54:23.0865180Z;102
2024-05-09T13:54:23.1670480Z;77
2024-05-09T13:54:23.2404663Z;73
2024-05-09T13:54:23.3040639Z;62
2024-05-09T13:54:23.3715830Z;67
2024-05-09T13:54:23.4410862Z;69
2024-05-09T13:54:23.5105728Z;68
2024-05-09T13:54:23.5815475Z;70
2024-05-09T13:54:23.6438711Z;61
2024-05-09T13:54:23.7293628Z;85
2024-05-09T13:54:23.8064622Z;76
2024-05-09T13:54:23.8806773Z;73
2024-05-09T13:54:23.9479934Z;66
2024-05-09T13:54:24.0184920Z;70
2024-05-09T13:54:24.0869237Z;68
2024-05-09T13:54:24.1512985Z;63
2024-05-09T13:54:24.2268839Z;75
2024-05-09T13:54:24.3040553Z;76
2024-05-09T13:54:24.3685479Z;64
2024-05-09T13:54:24.4319113Z;63
2024-05-09T13:54:24.5344057Z;102
2024-05-09T13:54:24.6150653Z;80
2024-05-09T13:54:24.6941783Z;78
2024-05-09T13:54:24.7605177Z;66
2024-05-09T13:54:24.8300031Z;69
2024-05-09T13:54:24.9283920Z;97
2024-05-09T13:54:25.0107297Z;81
2024-05-09T13:54:25.1049891Z;93
2024-05-09T13:54:25.2024694Z;97
2024-05-09T13:54:25.2998296Z;97
2024-05-09T13:54:25.3860125Z;85
2024-05-09T13:54:25.4826657Z;96
2024-05-09T13:54:25.5662420Z;83
2024-05-09T13:54:25.6519199Z;85
2024-05-09T13:54:25.7191522Z;66
2024-05-09T13:54:25.7847553Z;63
2024-05-09T13:54:25.8519606Z;66
2024-05-09T13:54:25.9271119Z;74
2024-05-09T13:54:26.0065817Z;79
2024-05-09T13:54:26.0804437Z;73
2024-05-09T13:54:26.1439046Z;63
2024-05-09T13:54:26.2187527Z;74
2024-05-09T13:54:26.2821994Z;62
2024-05-09T13:54:26.3543853Z;71
2024-05-09T13:54:26.4447198Z;72
2024-05-09T13:54:26.5057945Z;60
2024-05-09T13:54:26.5745817Z;68
2024-05-09T13:54:26.6579136Z;82
2024-05-09T13:54:26.7300372Z;71
2024-05-09T13:54:26.8032261Z;72
2024-05-09T13:54:26.8690807Z;65
2024-05-09T13:54:26.9339753Z;63
2024-05-09T13:54:26.9998993Z;65
2024-05-09T13:54:27.0669949Z;66
2024-05-09T13:54:27.1443912Z;76
2024-05-09T13:54:27.2094785Z;64
2024-05-09T13:54:27.3040075Z;94
2024-05-09T13:54:27.3812254Z;76
2024-05-09T13:54:27.4478836Z;66
2024-05-09T13:54:27.5107902Z;62
2024-05-09T13:54:27.5869421Z;75
2024-05-09T13:54:27.6603468Z;73
2024-05-09T13:54:27.7258076Z;65
2024-05-09T13:54:27.8181188Z;91
2024-05-09T13:54:27.8960320Z;77
2024-05-09T13:54:27.9684439Z;71
2024-05-09T13:54:28.0366083Z;67
2024-05-09T13:54:28.1156941Z;78
2024-05-09T13:54:28.2198146Z;103
2024-05-09T13:54:28.2820348Z;61
2024-05-09T13:54:28.3725619Z;89
2024-05-09T13:54:28.4552828Z;82
2024-05-09T13:54:28.5324579Z;76
2024-05-09T13:54:28.5980121Z;65
2024-05-09T13:54:28.6652110Z;66
2024-05-09T13:54:28.7408310Z;75
2024-05-09T13:54:28.8792308Z;137
2024-05-09T13:54:28.9559703Z;76
2024-05-09T13:54:29.0198707Z;63
2024-05-09T13:54:29.0853492Z;65
2024-05-09T13:54:29.1608966Z;74
2024-05-09T13:54:29.2382101Z;76
2024-05-09T13:54:29.3089723Z;69
2024-05-09T13:54:29.3744529Z;65
2024-05-09T13:54:29.4489403Z;73
2024-05-09T13:54:29.5344765Z;85
2024-05-09T13:54:29.6029265Z;68
2024-05-09T13:54:29.6685129Z;65
2024-05-09T13:54:29.7358206Z;66
2024-05-09T13:54:29.8118928Z;75
2024-05-09T13:54:29.8853124Z;73
2024-05-09T13:54:29.9828328Z;97
2024-05-09T13:54:30.0633813Z;80
2024-05-09T13:54:30.1391595Z;75
2024-05-09T13:54:30.2151750Z;75
2024-05-09T13:54:30.2850774Z;69
2024-05-09T13:54:30.3524551Z;67
2024-05-09T13:54:30.4281996Z;75
2024-05-09T13:54:30.4986798Z;70
2024-05-09T13:54:30.5660779Z;66
2024-05-09T13:54:30.6528553Z;86
2024-05-09T13:54:30.7259596Z;72
2024-05-09T13:54:30.8091080Z;82
2024-05-09T13:54:30.9032394Z;93
2024-05-09T13:54:30.9827171Z;79
2024-05-09T13:54:31.0498753Z;66
2024-05-09T13:54:31.1221799Z;71
2024-05-09T13:54:31.1995659Z;77
2024-05-09T13:54:31.2817663Z;81
2024-05-09T13:54:31.3624736Z;80
2024-05-09T13:54:31.4347178Z;71
2024-05-09T13:54:31.5068929Z;71
2024-05-09T13:54:31.5709028Z;63
2024-05-09T13:54:31.6381942Z;66
2024-05-09T13:54:31.7105050Z;71
2024-05-09T13:54:31.7824765Z;70
2024-05-09T13:54:31.8835250Z;71
2024-05-09T13:54:31.9548199Z;70
2024-05-09T13:54:32.0194821Z;64
2024-05-09T13:54:32.0919148Z;72
2024-05-09T13:54:32.1702307Z;77
2024-05-09T13:54:32.2347021Z;64
2024-05-09T13:54:32.3003275Z;65
2024-05-09T13:54:32.3666337Z;66
2024-05-09T13:54:32.4413654Z;74
2024-05-09T13:54:32.5136415Z;71
2024-05-09T13:54:32.5825317Z;68
2024-05-09T13:54:32.6545318Z;71
2024-05-09T13:54:32.7170329Z;62
2024-05-09T13:54:32.7892380Z;71
2024-05-09T13:54:32.8633408Z;73
2024-05-09T13:54:32.9775267Z;112
2024-05-09T13:54:33.0767239Z;98
2024-05-09T13:54:33.1859193Z;108
2024-05-09T13:54:33.2716042Z;85
2024-05-09T13:54:33.3521792Z;80
2024-05-09T13:54:33.4178221Z;65
2024-05-09T13:54:33.4902862Z;71
2024-05-09T13:54:33.5681378Z;77
2024-05-09T13:54:33.6380649Z;69
2024-05-09T13:54:33.7018008Z;63
2024-05-09T13:54:33.7723623Z;70
2024-05-09T13:54:33.8463333Z;73
2024-05-09T13:54:33.9220457Z;75
2024-05-09T13:54:33.9948575Z;71
2024-05-09T13:54:34.0664563Z;71
2024-05-09T13:54:34.1858193Z;119
2024-05-09T13:54:34.2698138Z;83
2024-05-09T13:54:34.3538535Z;83
2024-05-09T13:54:34.4176622Z;63
2024-05-09T13:54:34.4933456Z;75
2024-05-09T13:54:34.5659522Z;72
2024-05-09T13:54:34.6329034Z;66
2024-05-09T13:54:34.7189120Z;85
2024-05-09T13:54:34.7858513Z;66
2024-05-09T13:54:34.8530085Z;66
2024-05-09T13:54:34.9572206Z;103
2024-05-09T13:54:35.0749368Z;117
2024-05-09T13:54:35.1887869Z;113
2024-05-09T13:54:35.3227814Z;133
2024-05-09T13:54:35.4549293Z;131
2024-05-09T13:54:35.6462167Z;190
2024-05-09T13:54:35.7118088Z;65
2024-05-09T13:54:35.8243144Z;111
2024-05-09T13:54:35.9016104Z;76
2024-05-09T13:54:35.9996637Z;92
2024-05-09T13:54:36.0664343Z;66
2024-05-09T13:54:36.1320891Z;65
2024-05-09T13:54:36.2024703Z;70
2024-05-09T13:54:36.2763664Z;73
2024-05-09T13:54:36.3536692Z;77
2024-05-09T13:54:36.4271009Z;73
2024-05-09T13:54:36.4948839Z;67
2024-05-09T13:54:36.5590794Z;63
2024-05-09T13:54:36.6332335Z;73
2024-05-09T13:54:36.7083520Z;74
2024-05-09T13:54:36.7835557Z;74
2024-05-09T13:54:36.8622518Z;78
2024-05-09T13:54:36.9385835Z;75
2024-05-09T13:54:37.0141654Z;75
2024-05-09T13:54:37.0830792Z;68
2024-05-09T13:54:37.1587663Z;75
2024-05-09T13:54:37.2406361Z;81
2024-05-09T13:54:37.3196296Z;77
2024-05-09T13:54:37.3863295Z;65
2024-05-09T13:54:37.4528604Z;66
2024-05-09T13:54:37.5434711Z;90
2024-05-09T13:54:37.6285968Z;84
2024-05-09T13:54:37.6964013Z;67
2024-05-09T13:54:37.7604676Z;63
2024-05-09T13:54:37.8645575Z;102
2024-05-09T13:54:37.9317259Z;66
2024-05-09T13:54:37.9956606Z;63
2024-05-09T13:54:38.0611663Z;64
2024-05-09T13:54:38.1288435Z;67
2024-05-09T13:54:38.1955904Z;66
2024-05-09T13:54:38.2628496Z;66
2024-05-09T13:54:38.3387861Z;73
2024-05-09T13:54:38.4107155Z;71
2024-05-09T13:54:38.4780508Z;66
2024-05-09T13:54:38.5434483Z;65
2024-05-09T13:54:38.6156914Z;71
2024-05-09T13:54:38.6930756Z;76
2024-05-09T13:54:38.7587265Z;65
2024-05-09T13:54:38.8208044Z;61
2024-05-09T13:54:38.8924700Z;71
2024-05-09T13:54:38.9643523Z;71
2024-05-09T13:54:39.0359180Z;71
2024-05-09T13:54:39.1460437Z;109
2024-05-09T13:54:39.2088304Z;62
2024-05-09T13:54:39.2828923Z;73
2024-05-09T13:54:39.3592032Z;75
2024-05-09T13:54:39.4509837Z;91
2024-05-09T13:54:39.5265942Z;75
2024-05-09T13:54:39.5888477Z;61
2024-05-09T13:54:39.6563765Z;67
2024-05-09T13:54:39.7332823Z;76
2024-05-09T13:54:39.8091546Z;75
2024-05-09T13:54:39.8761647Z;66
2024-05-09T13:54:39.9416465Z;65
2024-05-09T13:54:40.0291537Z;87
2024-05-09T13:54:40.1078902Z;78
2024-05-09T13:54:40.1774021Z;69
2024-05-09T13:54:40.2536557Z;75
2024-05-09T13:54:40.3282047Z;74
2024-05-09T13:54:40.3900593Z;61
2024-05-09T13:54:40.4548599Z;64
2024-05-09T13:54:40.5181449Z;62
2024-05-09T13:54:40.5920632Z;73
2024-05-09T13:54:40.6712049Z;78
2024-05-09T13:54:40.7556543Z;83
2024-05-09T13:54:40.8256335Z;69
2024-05-09T13:54:40.8895550Z;63
2024-05-09T13:54:40.9567544Z;66
2024-05-09T13:54:41.0272893Z;70
2024-05-09T13:54:41.0962501Z;68
2024-05-09T13:54:41.1644975Z;67
2024-05-09T13:54:41.2356721Z;70
2024-05-09T13:54:41.3025104Z;66
2024-05-09T13:54:41.3717755Z;68
2024-05-09T13:54:41.4522903Z;80
2024-05-09T13:54:41.5180712Z;65
2024-05-09T13:54:41.5802048Z;61
2024-05-09T13:54:41.6517473Z;71
2024-05-09T13:54:41.7198388Z;67
2024-05-09T13:54:41.8054703Z;85
2024-05-09T13:54:41.8717673Z;65
2024-05-09T13:54:41.9378829Z;65
2024-05-09T13:54:42.0020096Z;63
2024-05-09T13:54:42.0743519Z;70
2024-05-09T13:54:42.1450591Z;70
2024-05-09T13:54:42.2224931Z;77
2024-05-09T13:54:42.3066631Z;83
2024-05-09T13:54:42.3818785Z;74
2024-05-09T13:54:42.4441131Z;61
2024-05-09T13:54:42.5176058Z;73
2024-05-09T13:54:42.6391297Z;120
2024-05-09T13:54:42.7163405Z;76
2024-05-09T13:54:42.7820390Z;65
2024-05-09T13:54:42.8591153Z;76
2024-05-09T13:54:42.9280040Z;68
2024-05-09T13:54:42.9934758Z;65
2024-05-09T13:54:43.1229646Z;129
2024-05-09T13:54:43.1951862Z;71
2024-05-09T13:54:43.2591499Z;63
2024-05-09T13:54:43.3246584Z;64
2024-05-09T13:54:43.3901671Z;65
2024-05-09T13:54:43.4649341Z;74
2024-05-09T13:54:43.5382335Z;72
2024-05-09T13:54:43.6060248Z;67
2024-05-09T13:54:43.6825527Z;76
2024-05-09T13:54:43.7605509Z;76
2024-05-09T13:54:43.8304818Z;69
2024-05-09T13:54:43.8993398Z;68
2024-05-09T13:54:43.9666708Z;66
2024-05-09T13:54:44.0451590Z;77
2024-05-09T13:54:44.2017963Z;112
2024-05-09T13:54:44.2775237Z;75
2024-05-09T13:54:44.3611392Z;83
2024-05-09T13:54:44.4236777Z;62
2024-05-09T13:54:44.5109125Z;86
2024-05-09T13:54:44.5901542Z;78
2024-05-09T13:54:44.6599355Z;69
2024-05-09T13:54:44.7211897Z;60
2024-05-09T13:54:44.8021560Z;65
2024-05-09T13:54:44.8786282Z;76
2024-05-09T13:54:44.9572556Z;78
2024-05-09T13:54:45.0320596Z;74
2024-05-09T13:54:45.1094177Z;76
2024-05-09T13:54:45.1799628Z;70
2024-05-09T13:54:45.2438479Z;63
2024-05-09T13:54:45.3107895Z;66
2024-05-09T13:54:45.3883559Z;77
2024-05-09T13:54:45.4656689Z;77
2024-05-09T13:54:45.5395968Z;73
2024-05-09T13:54:45.6047178Z;64
2024-05-09T13:54:45.7171629Z;112
2024-05-09T13:54:45.8251065Z;107
2024-05-09T13:54:45.8975538Z;72
2024-05-09T13:54:45.9618460Z;63
2024-05-09T13:54:46.0313222Z;69
2024-05-09T13:54:46.1092868Z;77
2024-05-09T13:54:46.1772169Z;67
2024-05-09T13:54:46.2820333Z;103
2024-05-09T13:54:46.3681345Z;85
2024-05-09T13:54:46.4436414Z;75
2024-05-09T13:54:46.5109544Z;67
2024-05-09T13:54:46.5765122Z;65
2024-05-09T13:54:46.6566409Z;79
2024-05-09T13:54:46.7283739Z;71
2024-05-09T13:54:46.7915990Z;62
2024-05-09T13:54:46.8854097Z;92
2024-05-09T13:54:46.9620638Z;76
2024-05-09T13:54:47.0335812Z;71
2024-05-09T13:54:47.0975348Z;63
2024-05-09T13:54:47.1645413Z;65
2024-05-09T13:54:47.2486930Z;76
2024-05-09T13:54:47.3512636Z;102
2024-05-09T13:54:47.4251530Z;73
2024-05-09T13:54:47.4873097Z;61
2024-05-09T13:54:47.5596571Z;72
2024-05-09T13:54:47.6386477Z;78
2024-05-09T13:54:47.7148757Z;74
2024-05-09T13:54:47.7816615Z;66
2024-05-09T13:54:47.8437620Z;61
2024-05-09T13:54:47.9176395Z;73
2024-05-09T13:54:47.9931796Z;75
2024-05-09T13:54:48.0612511Z;67
2024-05-09T13:54:48.1315175Z;69
2024-05-09T13:54:48.2894652Z;114
2024-05-09T13:54:48.3812244Z;91
2024-05-09T13:54:48.4434395Z;61
2024-05-09T13:54:48.5110257Z;67
2024-05-09T13:54:48.5981963Z;86
2024-05-09T13:54:48.6700637Z;70
2024-05-09T13:54:48.7337737Z;63
2024-05-09T13:54:48.8047659Z;70
2024-05-09T13:54:48.8755405Z;70
2024-05-09T13:54:48.9494263Z;73
2024-05-09T13:54:49.0228044Z;73
2024-05-09T13:54:49.0888932Z;64
2024-05-09T13:54:49.1579082Z;68
2024-05-09T13:54:49.2267240Z;68
2024-05-09T13:54:49.2967786Z;69
2024-05-09T13:54:49.4033630Z;106
2024-05-09T13:54:49.4769277Z;73
2024-05-09T13:54:49.5506672Z;73
2024-05-09T13:54:49.6321789Z;81
2024-05-09T13:54:49.7056662Z;73
2024-05-09T13:54:49.8160190Z;109
2024-05-09T13:54:49.9006311Z;84
2024-05-09T13:54:49.9643302Z;63
2024-05-09T13:54:50.0687229Z;103
2024-05-09T13:54:50.1361244Z;66
2024-05-09T13:54:50.1997630Z;63
2024-05-09T13:54:50.2673004Z;67
2024-05-09T13:54:50.3392206Z;71
2024-05-09T13:54:50.4432799Z;80
2024-05-09T13:54:50.5057221Z;62
2024-05-09T13:54:50.5694791Z;63
2024-05-09T13:54:50.6501192Z;79
2024-05-09T13:54:50.7208087Z;70
2024-05-09T13:54:50.7896394Z;68
2024-05-09T13:54:50.8534660Z;63
2024-05-09T13:54:50.9424871Z;69
2024-05-09T13:54:51.0082199Z;65
2024-05-09T13:54:51.0836912Z;75
2024-05-09T13:54:51.1660848Z;81
2024-05-09T13:54:51.2434104Z;77
2024-05-09T13:54:51.3090615Z;65
2024-05-09T13:54:51.3744733Z;64
2024-05-09T13:54:51.4585657Z;83
2024-05-09T13:54:51.5424769Z;83
2024-05-09T13:54:51.6216942Z;78
2024-05-09T13:54:51.7408446Z;118
2024-05-09T13:54:51.8532068Z;112
2024-05-09T13:54:51.9424997Z;89
2024-05-09T13:54:52.0191087Z;76
2024-05-09T13:54:52.0812640Z;61
2024-05-09T13:54:52.1642899Z;82
2024-05-09T13:54:52.2415362Z;76
2024-05-09T13:54:52.3407483Z;76
2024-05-09T13:54:52.4063334Z;65
2024-05-09T13:54:52.4718455Z;65
2024-05-09T13:54:52.5530644Z;80
2024-05-09T13:54:52.6224540Z;69
2024-05-09T13:54:52.7493538Z;124
2024-05-09T13:54:52.8853701Z;135
2024-05-09T13:54:53.0729169Z;186
2024-05-09T13:54:53.2129574Z;139
2024-05-09T13:54:53.3089331Z;95
2024-05-09T13:54:53.3771178Z;67
2024-05-09T13:54:53.4464964Z;67
2024-05-09T13:54:53.5574840Z;109
2024-05-09T13:54:53.6291170Z;70
2024-05-09T13:54:53.7020081Z;72
2024-05-09T13:54:53.7743542Z;71
2024-05-09T13:54:53.8491508Z;74
2024-05-09T13:54:53.9424016Z;91
2024-05-09T13:54:54.0263987Z;83
2024-05-09T13:54:54.0919301Z;65
2024-05-09T13:54:54.1658246Z;73
2024-05-09T13:54:54.2682012Z;101
2024-05-09T13:54:54.3456589Z;77
2024-05-09T13:54:54.4180100Z;72
2024-05-09T13:54:54.5078233Z;89
2024-05-09T13:54:54.5842922Z;76
2024-05-09T13:54:54.6636129Z;78
2024-05-09T13:54:54.7271709Z;63
2024-05-09T13:54:54.7893493Z;61
2024-05-09T13:54:54.8700960Z;80
2024-05-09T13:54:54.9388422Z;67
2024-05-09T13:54:55.0052232Z;65
2024-05-09T13:54:55.1153257Z;109
2024-05-09T13:54:55.1893336Z;73
2024-05-09T13:54:55.2633113Z;73
2024-05-09T13:54:55.3364742Z;71
2024-05-09T13:54:55.3995807Z;62
2024-05-09T13:54:55.4907508Z;90
2024-05-09T13:54:55.5641059Z;72
2024-05-09T13:54:55.6363458Z;71
2024-05-09T13:54:55.7001773Z;63
2024-05-09T13:54:55.8092543Z;107
2024-05-09T13:54:55.8883664Z;78
2024-05-09T13:54:55.9590085Z;70
2024-05-09T13:54:56.0397008Z;73
2024-05-09T13:54:56.1035043Z;63
2024-05-09T13:54:56.1767069Z;71
2024-05-09T13:54:56.2514396Z;74
2024-05-09T13:54:56.3577378Z;105
2024-05-09T13:54:56.4757835Z;117
2024-05-09T13:54:56.5448850Z;67
2024-05-09T13:54:56.6126812Z;67
2024-05-09T13:54:56.6850342Z;71
2024-05-09T13:54:56.7572565Z;71
2024-05-09T13:54:56.8244846Z;66
2024-05-09T13:54:56.8899983Z;65
2024-05-09T13:54:56.9623338Z;71
2024-05-09T13:54:57.0295943Z;66
2024-05-09T13:54:57.1339941Z;103
2024-05-09T13:54:57.2144265Z;78
2024-05-09T13:54:57.2838524Z;68
2024-05-09T13:54:57.3488185Z;64
2024-05-09T13:54:57.4547930Z;105
2024-05-09T13:54:57.5243517Z;69
2024-05-09T13:54:57.5868943Z;62
2024-05-09T13:54:57.6512753Z;64
2024-05-09T13:54:57.7189276Z;67
2024-05-09T13:54:57.8042138Z;84
2024-05-09T13:54:57.8832070Z;78
2024-05-09T13:54:57.9581187Z;74
2024-05-09T13:54:58.0265145Z;68
2024-05-09T13:54:58.0915399Z;64
2024-05-09T13:54:58.1579298Z;65
2024-05-09T13:54:58.2344909Z;76
2024-05-09T13:54:58.3202571Z;85
2024-05-09T13:54:58.4395223Z;93
2024-05-09T13:54:58.5050037Z;64
2024-05-09T13:54:58.5689410Z;63
2024-05-09T13:54:58.6450673Z;75
2024-05-09T13:54:58.7189718Z;73
2024-05-09T13:54:58.7925882Z;73
2024-05-09T13:54:58.8545554Z;61
2024-05-09T13:54:58.9201661Z;65
2024-05-09T13:54:58.9925027Z;71
2024-05-09T13:54:59.0600311Z;66
2024-05-09T13:54:59.1302151Z;69
2024-05-09T13:54:59.1958037Z;65
2024-05-09T13:54:59.2679369Z;71
2024-05-09T13:54:59.3385852Z;70
2024-05-09T13:54:59.4075706Z;68
2024-05-09T13:54:59.4791501Z;71
2024-05-09T13:54:59.5479725Z;68
2024-05-09T13:54:59.6192697Z;70
2024-05-09T13:54:59.6840498Z;64
2024-05-09T13:54:59.7452694Z;60
2024-05-09T13:54:59.8124734Z;65
2024-05-09T13:54:59.8924413Z;79
2024-05-09T13:54:59.9721718Z;79
2024-05-09T13:55:00.0410890Z;68
2024-05-09T13:55:00.1452518Z;103
2024-05-09T13:55:00.2279118Z;82
2024-05-09T13:55:00.3055614Z;77
2024-05-09T13:55:00.3942224Z;88
2024-05-09T13:55:00.4966028Z;90
2024-05-09T13:55:00.5592460Z;62
2024-05-09T13:55:00.6584595Z;91
2024-05-09T13:55:00.7334316Z;74
2024-05-09T13:55:00.7956160Z;61
2024-05-09T13:55:00.8594340Z;63
2024-05-09T13:55:00.9350549Z;75
2024-05-09T13:55:01.0130813Z;77
2024-05-09T13:55:01.0797326Z;66
2024-05-09T13:55:01.1570148Z;76
2024-05-09T13:55:01.2292060Z;71
2024-05-09T13:55:01.3028202Z;73
2024-05-09T13:55:01.4004952Z;96
2024-05-09T13:55:01.4661873Z;65
2024-05-09T13:55:01.5281908Z;61
2024-05-09T13:55:01.6006779Z;72
2024-05-09T13:55:01.6915202Z;86
2024-05-09T13:55:01.7720729Z;80
2024-05-09T13:55:01.8375368Z;65
2024-05-09T13:55:01.9014685Z;63
2024-05-09T13:55:01.9803774Z;78
2024-05-09T13:55:02.0624650Z;81
2024-05-09T13:55:02.1261622Z;63
2024-05-09T13:55:02.1955134Z;69
2024-05-09T13:55:02.2691049Z;73
2024-05-09T13:55:02.3467787Z;77
2024-05-09T13:55:02.4202896Z;73
2024-05-09T13:55:02.4879104Z;67
2024-05-09T13:55:02.5524621Z;64
2024-05-09T13:55:02.6175121Z;64
2024-05-09T13:55:02.6930886Z;74
2024-05-09T13:55:02.7636193Z;70
2024-05-09T13:55:02.8240099Z;60
2024-05-09T13:55:02.8950567Z;70
2024-05-09T13:55:02.9719767Z;76
2024-05-09T13:55:03.0878173Z;115
2024-05-09T13:55:03.1601249Z;71
2024-05-09T13:55:03.2475094Z;87
2024-05-09T13:55:03.3333445Z;85
2024-05-09T13:55:03.4138790Z;80
2024-05-09T13:55:03.4777960Z;63
2024-05-09T13:55:03.5453694Z;67
2024-05-09T13:55:03.6188207Z;73
2024-05-09T13:55:03.6895589Z;70
2024-05-09T13:55:03.7540359Z;63
2024-05-09T13:55:03.8251931Z;70
2024-05-09T13:55:03.9012303Z;75
2024-05-09T13:55:03.9651755Z;63
2024-05-09T13:55:04.0390679Z;73
2024-05-09T13:55:04.1550228Z;115
2024-05-09T13:55:04.2726664Z;116
2024-05-09T13:55:04.3438364Z;70
2024-05-09T13:55:04.4086396Z;64
2024-05-09T13:55:04.4827958Z;73
2024-05-09T13:55:04.5850081Z;82
2024-05-09T13:55:04.6541843Z;68
2024-05-09T13:55:04.7190791Z;64
2024-05-09T13:55:04.7919105Z;72
2024-05-09T13:55:04.8648137Z;72
2024-05-09T13:55:04.9314529Z;66
2024-05-09T13:55:05.0021323Z;70
2024-05-09T13:55:05.0676657Z;64
2024-05-09T13:55:05.1433733Z;75
2024-05-09T13:55:05.2190309Z;75
2024-05-09T13:55:05.2972232Z;77
2024-05-09T13:55:05.3644296Z;66
2024-05-09T13:55:05.4251639Z;60
2024-05-09T13:55:05.5035911Z;78
2024-05-09T13:55:05.5738168Z;69
2024-05-09T13:55:05.6541000Z;80
2024-05-09T13:55:05.7332069Z;78
2024-05-09T13:55:05.8627943Z;128
2024-05-09T13:55:05.9246671Z;61
2024-05-09T13:55:05.9952150Z;70
2024-05-09T13:55:06.0775696Z;80
2024-05-09T13:55:06.1769336Z;98
2024-05-09T13:55:06.2753550Z;97
2024-05-09T13:55:06.3657001Z;89
2024-05-09T13:55:06.4438997Z;77
2024-05-09T13:55:06.5111243Z;66
2024-05-09T13:55:06.5738680Z;61
2024-05-09T13:55:06.6472827Z;73
2024-05-09T13:55:06.7162264Z;68
2024-05-09T13:55:06.7834456Z;66
2024-05-09T13:55:06.8489418Z;65
2024-05-09T13:55:06.9229547Z;73
2024-05-09T13:55:06.9918695Z;68
2024-05-09T13:55:07.0557917Z;63
2024-05-09T13:55:07.1262328Z;70
2024-05-09T13:55:07.1933452Z;66
2024-05-09T13:55:07.2829839Z;89
2024-05-09T13:55:07.3598291Z;76
2024-05-09T13:55:07.4237233Z;63
2024-05-09T13:55:07.4940050Z;69
2024-05-09T13:55:07.5659660Z;70
2024-05-09T13:55:07.6590022Z;92
2024-05-09T13:55:07.7363927Z;77
2024-05-09T13:55:07.8169426Z;80
2024-05-09T13:55:07.8892234Z;71
2024-05-09T13:55:07.9626451Z;73
2024-05-09T13:55:08.0384190Z;75
2024-05-09T13:55:08.1127834Z;73
2024-05-09T13:55:08.1813641Z;68
2024-05-09T13:55:08.2472132Z;65
2024-05-09T13:55:08.3177861Z;70
2024-05-09T13:55:08.3923554Z;74
2024-05-09T13:55:08.4641120Z;71
2024-05-09T13:55:08.5412953Z;76
2024-05-09T13:55:08.6169193Z;75
2024-05-09T13:55:08.6824429Z;65
2024-05-09T13:55:08.7614330Z;78
2024-05-09T13:55:08.8340613Z;71
2024-05-09T13:55:08.9043061Z;69
2024-05-09T13:55:09.2756147Z;370
2024-05-09T13:55:09.3438748Z;67
2024-05-09T13:55:09.4168795Z;72
2024-05-09T13:55:09.4894423Z;71
2024-05-09T13:55:09.5622745Z;72
2024-05-09T13:55:09.6335605Z;70
2024-05-09T13:55:09.6980186Z;64
2024-05-09T13:55:09.7647532Z;66
2024-05-09T13:55:09.8386505Z;73
2024-05-09T13:55:09.9142296Z;75
2024-05-09T13:55:09.9765521Z;62
2024-05-09T13:55:10.0386915Z;61
2024-05-09T13:55:10.1631881Z;124
2024-05-09T13:55:10.2255590Z;61
2024-05-09T13:55:10.3025464Z;76
2024-05-09T13:55:10.3794219Z;75
2024-05-09T13:55:10.4453380Z;65
2024-05-09T13:55:10.5075106Z;61
2024-05-09T13:55:10.5801594Z;72
2024-05-09T13:55:10.6576181Z;77
2024-05-09T13:55:10.7243748Z;66
2024-05-09T13:55:10.7894983Z;63
2024-05-09T13:55:10.8537679Z;63
2024-05-09T13:55:10.9189045Z;64
2024-05-09T13:55:11.0250924Z;104
2024-05-09T13:55:11.0889992Z;63
2024-05-09T13:55:11.1578230Z;68
2024-05-09T13:55:11.2284656Z;70
2024-05-09T13:55:11.2973881Z;68
2024-05-09T13:55:11.3675736Z;69
2024-05-09T13:55:11.4479702Z;80
2024-05-09T13:55:11.5250175Z;76
2024-05-09T13:55:11.6077292Z;82
2024-05-09T13:55:12.0747284Z;466
2024-05-09T13:55:12.1579499Z;82
2024-05-09T13:55:12.2274249Z;68
2024-05-09T13:55:12.2958452Z;66
2024-05-09T13:55:12.3578487Z;61
2024-05-09T13:55:12.4250153Z;66
2024-05-09T13:55:12.4972313Z;71
2024-05-09T13:55:12.5678439Z;70
2024-05-09T13:55:12.6424589Z;74
2024-05-09T13:55:12.7060607Z;62
2024-05-09T13:55:12.7914096Z;84
2024-05-09T13:55:12.8821563Z;90
2024-05-09T13:55:12.9813022Z;98
2024-05-09T13:55:13.1009353Z;118
2024-05-09T13:55:13.1638323Z;62
2024-05-09T13:55:13.2346554Z;70
2024-05-09T13:55:13.3190681Z;84
2024-05-09T13:55:13.3963879Z;76
2024-05-09T13:55:13.4636297Z;66
2024-05-09T13:55:13.5257379Z;61
2024-05-09T13:55:13.5947022Z;68
2024-05-09T13:55:13.6752859Z;80
2024-05-09T13:55:13.7410309Z;65
2024-05-09T13:55:13.8100089Z;67
2024-05-09T13:55:13.8878365Z;76
2024-05-09T13:55:13.9509492Z;62
2024-05-09T13:55:14.0366246Z;85
2024-05-09T13:55:14.1257879Z;73
2024-05-09T13:55:14.1896920Z;63
2024-05-09T13:55:14.2837708Z;92
2024-05-09T13:55:14.3677293Z;83
2024-05-09T13:55:14.4431678Z;75
2024-05-09T13:55:14.5641297Z;120
2024-05-09T13:55:14.6315576Z;67
2024-05-09T13:55:14.7053520Z;73
2024-05-09T13:55:14.7747010Z;68
2024-05-09T13:55:14.8400177Z;64
2024-05-09T13:55:14.9133450Z;72
2024-05-09T13:55:14.9843936Z;70
2024-05-09T13:55:15.0530434Z;67
2024-05-09T13:55:15.1187618Z;65
2024-05-09T13:55:15.1929351Z;73
2024-05-09T13:55:15.2682030Z;74
2024-05-09T13:55:15.3341011Z;65
2024-05-09T13:55:15.3979521Z;63
2024-05-09T13:55:15.4936964Z;77
2024-05-09T13:55:15.5559118Z;61
2024-05-09T13:55:15.6197243Z;63
2024-05-09T13:55:15.7020800Z;81
2024-05-09T13:55:15.7722656Z;69
2024-05-09T13:55:15.8510936Z;78
2024-05-09T13:55:15.9560055Z;103
2024-05-09T13:55:16.0290790Z;72
2024-05-09T13:55:16.1008968Z;71
2024-05-09T13:55:16.1633097Z;61
2024-05-09T13:55:16.2280196Z;64
2024-05-09T13:55:16.2993050Z;70
2024-05-09T13:55:16.3826832Z;83
2024-05-09T13:55:16.4718091Z;88
2024-05-09T13:55:16.5424339Z;70
2024-05-09T13:55:16.6130114Z;70
2024-05-09T13:55:16.6853098Z;71
2024-05-09T13:55:16.7492063Z;63
2024-05-09T13:55:16.8234222Z;73
2024-05-09T13:55:16.9091652Z;85
2024-05-09T13:55:16.9879197Z;78
2024-05-09T13:55:17.0576134Z;69
2024-05-09T13:55:17.1252935Z;67
2024-05-09T13:55:17.1878205Z;62
2024-05-09T13:55:17.2551838Z;66
2024-05-09T13:55:17.3329603Z;76
2024-05-09T13:55:17.4044985Z;71
2024-05-09T13:55:17.5220148Z;117
2024-05-09T13:55:17.5846839Z;62
2024-05-09T13:55:17.6464857Z;61
2024-05-09T13:55:17.7151590Z;68
2024-05-09T13:55:17.7848374Z;69
2024-05-09T13:55:17.8548860Z;69
2024-05-09T13:55:17.9221565Z;66
2024-05-09T13:55:18.0315607Z;109
2024-05-09T13:55:18.1120703Z;80
2024-05-09T13:55:18.1918409Z;78
2024-05-09T13:55:18.2643845Z;72
2024-05-09T13:55:18.3271335Z;62
2024-05-09T13:55:18.3909596Z;63
2024-05-09T13:55:18.4598291Z;67
2024-05-09T13:55:18.5327844Z;72
2024-05-09T13:55:18.6286102Z;95
2024-05-09T13:55:18.7068956Z;77
2024-05-09T13:55:18.7776340Z;70
2024-05-09T13:55:18.8506101Z;71
2024-05-09T13:55:18.9287492Z;77
2024-05-09T13:55:19.0229125Z;93
2024-05-09T13:55:19.0877507Z;63
2024-05-09T13:55:19.1606714Z;72
2024-05-09T13:55:19.2366690Z;75
2024-05-09T13:55:19.3024833Z;65
2024-05-09T13:55:19.3723480Z;68
2024-05-09T13:55:19.4490065Z;75
2024-05-09T13:55:19.5151081Z;65
2024-05-09T13:55:19.5910538Z;75
2024-05-09T13:55:19.6682400Z;76
2024-05-09T13:55:19.7330363Z;64
2024-05-09T13:55:19.7965197Z;63
2024-05-09T13:55:19.8682557Z;71
2024-05-09T13:55:19.9480826Z;79
2024-05-09T13:55:20.0143586Z;65
2024-05-09T13:55:20.0799741Z;63
2024-05-09T13:55:20.1588814Z;78
2024-05-09T13:55:20.2647875Z;105
2024-05-09T13:55:20.3438850Z;78
2024-05-09T13:55:20.4428925Z;98
2024-05-09T13:55:20.5135042Z;70
2024-05-09T13:55:20.5756482Z;61
2024-05-09T13:55:20.6435816Z;66
2024-05-09T13:55:20.7203144Z;76
2024-05-09T13:55:20.7884394Z;67
2024-05-09T13:55:20.8580753Z;69
2024-05-09T13:55:20.9235431Z;65
2024-05-09T13:55:20.9873734Z;63
2024-05-09T13:55:21.0698955Z;82
2024-05-09T13:55:21.1493121Z;78
2024-05-09T13:55:21.2101299Z;60
2024-05-09T13:55:21.2742283Z;62
2024-05-09T13:55:21.3518566Z;77
2024-05-09T13:55:21.4529447Z;100
2024-05-09T13:55:21.5174880Z;64
2024-05-09T13:55:21.5958454Z;77
2024-05-09T13:55:21.6782179Z;81
2024-05-09T13:55:21.7464799Z;66
2024-05-09T13:55:21.8160626Z;69
2024-05-09T13:55:21.8923511Z;75
2024-05-09T13:55:21.9638015Z;71
2024-05-09T13:55:22.0460572Z;81
2024-05-09T13:55:22.1151367Z;68
2024-05-09T13:55:22.1774041Z;61
2024-05-09T13:55:22.2479362Z;70
2024-05-09T13:55:22.3488826Z;84
2024-05-09T13:55:22.4141566Z;64
2024-05-09T13:55:22.4808216Z;66
2024-05-09T13:55:22.5520086Z;70
2024-05-09T13:55:22.6262384Z;73
2024-05-09T13:55:22.6989634Z;72
2024-05-09T13:55:22.7775164Z;78
2024-05-09T13:55:22.8582524Z;80
2024-05-09T13:55:22.9352935Z;76
2024-05-09T13:55:23.0040565Z;68
2024-05-09T13:55:23.1285330Z;124
2024-05-09T13:55:23.2090651Z;80
2024-05-09T13:55:23.2759886Z;65
2024-05-09T13:55:23.3517982Z;74
2024-05-09T13:55:23.5200776Z;165
2024-05-09T13:55:23.6342720Z;113
2024-05-09T13:55:23.8056608Z;170
2024-05-09T13:55:23.8766237Z;70
2024-05-09T13:55:24.0157794Z;138
2024-05-09T13:55:24.0939255Z;77
2024-05-09T13:55:24.1842716Z;89
2024-05-09T13:55:24.2603976Z;75
2024-05-09T13:55:24.3264817Z;65
2024-05-09T13:55:24.3954839Z;68
2024-05-09T13:55:24.4662866Z;70
2024-05-09T13:55:24.5522699Z;85
2024-05-09T13:55:24.6241961Z;71
2024-05-09T13:55:24.6895541Z;64
2024-05-09T13:55:24.7585287Z;68
2024-05-09T13:55:24.8371934Z;78
2024-05-09T13:55:24.9340491Z;96
2024-05-09T13:55:25.0177762Z;71
2024-05-09T13:55:25.0800592Z;61
2024-05-09T13:55:25.1776071Z;94
2024-05-09T13:55:25.2895945Z;111
2024-05-09T13:55:25.3736485Z;83
2024-05-09T13:55:25.4359185Z;61
2024-05-09T13:55:25.5018354Z;65
2024-05-09T13:55:25.5804738Z;78
2024-05-09T13:55:25.6510214Z;70
2024-05-09T13:55:25.7191473Z;67
2024-05-09T13:55:25.7888479Z;69
2024-05-09T13:55:25.8594620Z;70
2024-05-09T13:55:25.9416805Z;81
2024-05-09T13:55:26.0313896Z;89
2024-05-09T13:55:26.1150112Z;83
2024-05-09T13:55:26.1937855Z;78
2024-05-09T13:55:26.2621900Z;66
2024-05-09T13:55:26.3530971Z;89
2024-05-09T13:55:26.4479374Z;94
2024-05-09T13:55:26.5367106Z;88
2024-05-09T13:55:26.6036558Z;66
2024-05-09T13:55:26.6677336Z;63
2024-05-09T13:55:26.7401232Z;72
2024-05-09T13:55:26.8189941Z;78
2024-05-09T13:55:26.8945196Z;75
2024-05-09T13:55:26.9583200Z;63
2024-05-09T13:55:27.0316541Z;72
2024-05-09T13:55:27.1063786Z;74
2024-05-09T13:55:27.1703055Z;62
2024-05-09T13:55:27.2543481Z;83
2024-05-09T13:55:27.3230370Z;68
2024-05-09T13:55:27.3886586Z;65
2024-05-09T13:55:27.4576202Z;68
2024-05-09T13:55:27.5297844Z;71
2024-05-09T13:55:27.6053857Z;75
2024-05-09T13:55:27.6777026Z;72
2024-05-09T13:55:27.7499785Z;71
2024-05-09T13:55:27.8137829Z;63
2024-05-09T13:55:27.8962023Z;82
2024-05-09T13:55:27.9768356Z;80
2024-05-09T13:55:28.0641481Z;87
2024-05-09T13:55:28.1315767Z;67
2024-05-09T13:55:28.1946055Z;62
2024-05-09T13:55:28.2760596Z;81
2024-05-09T13:55:28.3601108Z;83
2024-05-09T13:55:28.4288395Z;68
2024-05-09T13:55:28.4967784Z;67
2024-05-09T13:55:28.5679103Z;70
2024-05-09T13:55:28.6448038Z;76
2024-05-09T13:55:28.7299117Z;84
2024-05-09T13:55:28.8438385Z;113
2024-05-09T13:55:28.9313138Z;87
2024-05-09T13:55:29.0002527Z;68
2024-05-09T13:55:29.0641036Z;63
2024-05-09T13:55:29.1582264Z;93
2024-05-09T13:55:29.2440155Z;85
2024-05-09T13:55:29.3246083Z;80
2024-05-09T13:55:29.3952224Z;70
2024-05-09T13:55:29.4805669Z;84
2024-05-09T13:55:29.5525095Z;71
2024-05-09T13:55:29.6170348Z;63
2024-05-09T13:55:29.7123241Z;93
2024-05-09T13:55:29.7840868Z;70
2024-05-09T13:55:29.8489252Z;64
2024-05-09T13:55:29.9133205Z;64
2024-05-09T13:55:29.9884415Z;74
2024-05-09T13:55:30.0624396Z;72
2024-05-09T13:55:30.1312260Z;68
2024-05-09T13:55:30.1986171Z;67
2024-05-09T13:55:30.3178206Z;118
2024-05-09T13:55:30.3901272Z;71
2024-05-09T13:55:30.4968050Z;66
2024-05-09T13:55:30.5593437Z;62
2024-05-09T13:55:30.6423835Z;82
2024-05-09T13:55:30.7245684Z;81
2024-05-09T13:55:30.8052073Z;79
2024-05-09T13:55:30.8773612Z;71
2024-05-09T13:55:30.9532333Z;74
2024-05-09T13:55:31.0337004Z;80
2024-05-09T13:55:31.1126947Z;78
2024-05-09T13:55:31.1816118Z;68
2024-05-09T13:55:31.2488188Z;66
2024-05-09T13:55:31.3144186Z;65
2024-05-09T13:55:31.3929854Z;78
2024-05-09T13:55:31.4639254Z;70
2024-05-09T13:55:31.5328736Z;68
2024-05-09T13:55:31.5967481Z;63
2024-05-09T13:55:31.6723076Z;75
2024-05-09T13:55:31.7351975Z;62
2024-05-09T13:55:31.8288115Z;93
2024-05-09T13:55:31.9093592Z;79
2024-05-09T13:55:31.9763929Z;66
2024-05-09T13:55:32.0405274Z;63
2024-05-09T13:55:32.1261798Z;85
2024-05-09T13:55:32.1951457Z;68
2024-05-09T13:55:32.2729283Z;77
2024-05-09T13:55:32.3731662Z;99
2024-05-09T13:55:32.4504397Z;76
2024-05-09T13:55:32.5259139Z;75
2024-05-09T13:55:32.5915582Z;65
2024-05-09T13:55:32.6571217Z;65
2024-05-09T13:55:32.7210008Z;63
2024-05-09T13:55:32.7894225Z;67
2024-05-09T13:55:32.8556511Z;65
2024-05-09T13:55:32.9243945Z;68
2024-05-09T13:55:32.9915933Z;66
2024-05-09T13:55:33.1221271Z;129
2024-05-09T13:55:33.1966524Z;68
2024-05-09T13:55:33.2687969Z;64
2024-05-09T13:55:33.3450996Z;75
2024-05-09T13:55:33.4171347Z;71
2024-05-09T13:55:33.4872881Z;69
2024-05-09T13:55:33.5522676Z;64
2024-05-09T13:55:33.6171924Z;64
2024-05-09T13:55:33.6886394Z;71
2024-05-09T13:55:33.7644804Z;75
2024-05-09T13:55:33.8352574Z;70
2024-05-09T13:55:33.9134514Z;77
2024-05-09T13:55:33.9797649Z;65
2024-05-09T13:55:34.0462125Z;65
2024-05-09T13:55:34.1317842Z;85
2024-05-09T13:55:34.2262996Z;94
2024-05-09T13:55:34.3228569Z;96
2024-05-09T13:55:34.4072493Z;83
2024-05-09T13:55:34.4789078Z;71
2024-05-09T13:55:34.6183556Z;86
2024-05-09T13:55:34.6856998Z;67
2024-05-09T13:55:34.7509751Z;64
2024-05-09T13:55:34.8198653Z;68
2024-05-09T13:55:34.8955384Z;75
2024-05-09T13:55:34.9689299Z;72
2024-05-09T13:55:35.0334850Z;64
2024-05-09T13:55:35.1023269Z;68
2024-05-09T13:55:35.1712284Z;68
2024-05-09T13:55:35.2402492Z;68
2024-05-09T13:55:35.3384792Z;96
2024-05-09T13:55:35.4288729Z;90
2024-05-09T13:55:35.5022982Z;73
2024-05-09T13:55:35.5663208Z;62
2024-05-09T13:55:35.6296539Z;62
2024-05-09T13:55:35.7090457Z;79
2024-05-09T13:55:35.7815129Z;72
2024-05-09T13:55:35.8485025Z;66
2024-05-09T13:55:35.9623180Z;113
2024-05-09T13:55:36.0767217Z;114
2024-05-09T13:55:36.1609362Z;83
2024-05-09T13:55:36.2292452Z;68
2024-05-09T13:55:36.2921990Z;62
2024-05-09T13:55:36.3649492Z;72
2024-05-09T13:55:36.4408023Z;75
2024-05-09T13:55:36.5190485Z;77
2024-05-09T13:55:36.5913300Z;71
2024-05-09T13:55:36.6584875Z;66
2024-05-09T13:55:36.7205934Z;61
2024-05-09T13:55:36.8130031Z;92
2024-05-09T13:55:36.8870976Z;73
2024-05-09T13:55:36.9548961Z;66
2024-05-09T13:55:37.0198512Z;64
2024-05-09T13:55:37.0921607Z;71
2024-05-09T13:55:37.1727829Z;80
2024-05-09T13:55:37.2503105Z;77
2024-05-09T13:55:37.3298077Z;79
2024-05-09T13:55:37.4046912Z;74
2024-05-09T13:55:37.4830007Z;77
2024-05-09T13:55:37.5471848Z;63
2024-05-09T13:55:37.6114839Z;63
2024-05-09T13:55:37.6773800Z;65
2024-05-09T13:55:37.7535842Z;75
2024-05-09T13:55:37.8315401Z;77
2024-05-09T13:55:37.9072311Z;75
2024-05-09T13:55:37.9698108Z;61
2024-05-09T13:55:38.0406618Z;70
2024-05-09T13:55:38.1425985Z;101
2024-05-09T13:55:38.2164307Z;73
2024-05-09T13:55:38.2869754Z;70
2024-05-09T13:55:38.3510549Z;62
2024-05-09T13:55:38.4274351Z;75
2024-05-09T13:55:38.5013494Z;73
2024-05-09T13:55:38.5841924Z;82
2024-05-09T13:55:38.6791219Z;73
2024-05-09T13:55:38.7424735Z;62
2024-05-09T13:55:38.8164298Z;73
2024-05-09T13:55:38.8926099Z;75
2024-05-09T13:55:38.9676094Z;74
2024-05-09T13:55:39.0364660Z;67
2024-05-09T13:55:39.1146816Z;77
2024-05-09T13:55:39.1844005Z;69
2024-05-09T13:55:39.2605469Z;75
2024-05-09T13:55:39.3715774Z;110
2024-05-09T13:55:39.4355232Z;63
2024-05-09T13:55:39.5069580Z;71
2024-05-09T13:55:39.5809953Z;73
2024-05-09T13:55:39.6599849Z;78
2024-05-09T13:55:39.7507847Z;90
2024-05-09T13:55:39.8398194Z;88
2024-05-09T13:55:39.9204615Z;80
2024-05-09T13:55:39.9831643Z;62
2024-05-09T13:55:40.0683648Z;84
2024-05-09T13:55:40.1565229Z;87
2024-05-09T13:55:40.2416609Z;84
2024-05-09T13:55:40.3585571Z;116
2024-05-09T13:55:40.4350685Z;76
2024-05-09T13:55:40.5126168Z;77
2024-05-09T13:55:40.5894285Z;76
2024-05-09T13:55:40.6733103Z;83
2024-05-09T13:55:40.7504528Z;76
2024-05-09T13:55:40.8213436Z;70
2024-05-09T13:55:40.8867853Z;65
2024-05-09T13:55:40.9673915Z;80
2024-05-09T13:55:41.0454920Z;77
2024-05-09T13:55:41.1219394Z;76
2024-05-09T13:55:41.1924919Z;70
2024-05-09T13:55:41.2699763Z;77
2024-05-09T13:55:41.3456005Z;75
2024-05-09T13:55:41.4178216Z;71
2024-05-09T13:55:41.4935047Z;75
2024-05-09T13:55:41.5670178Z;72
2024-05-09T13:55:41.6377807Z;70
2024-05-09T13:55:41.7102526Z;72
2024-05-09T13:55:41.7759753Z;65
2024-05-09T13:55:41.8614936Z;85
2024-05-09T13:55:41.9371124Z;75
2024-05-09T13:55:42.0036579Z;66
2024-05-09T13:55:42.0839999Z;79
2024-05-09T13:55:42.1701429Z;85
2024-05-09T13:55:42.2363078Z;65
2024-05-09T13:55:42.3035712Z;66
2024-05-09T13:55:42.3741917Z;70
2024-05-09T13:55:42.4430039Z;68
2024-05-09T13:55:42.5109443Z;67
2024-05-09T13:55:42.5775733Z;66
2024-05-09T13:55:42.6429025Z;64
2024-05-09T13:55:42.7202923Z;77
2024-05-09T13:55:42.8302141Z;109
2024-05-09T13:55:42.9673311Z;136
2024-05-09T13:55:43.1185987Z;150
2024-05-09T13:55:43.1808558Z;61
2024-05-09T13:55:43.2548567Z;73
2024-05-09T13:55:43.3347051Z;79
2024-05-09T13:55:43.4144924Z;79
2024-05-09T13:55:43.4933725Z;78
2024-05-09T13:55:43.5601958Z;66
2024-05-09T13:55:43.6261072Z;65
2024-05-09T13:55:43.6982956Z;71
2024-05-09T13:55:43.7957821Z;97
2024-05-09T13:55:43.8798319Z;83
2024-05-09T13:55:43.9492183Z;69
2024-05-09T13:55:44.0332568Z;83
2024-05-09T13:55:44.0983849Z;64
2024-05-09T13:55:44.1670793Z;68
2024-05-09T13:55:44.2445315Z;77
2024-05-09T13:55:44.3336231Z;88
2024-05-09T13:55:44.4026251Z;68
2024-05-09T13:55:44.4660197Z;63
2024-05-09T13:55:44.5503197Z;83
2024-05-09T13:55:44.6242540Z;73
2024-05-09T13:55:44.6941158Z;68
2024-05-09T13:55:44.7647951Z;70
2024-05-09T13:55:44.8387354Z;73
2024-05-09T13:55:44.9081731Z;69
2024-05-09T13:55:44.9721830Z;63
2024-05-09T13:55:45.0339845Z;61
2024-05-09T13:55:45.1020150Z;67
2024-05-09T13:55:45.1776422Z;75
2024-05-09T13:55:45.2478357Z;69
2024-05-09T13:55:45.3167527Z;68
2024-05-09T13:55:45.3975065Z;80
2024-05-09T13:55:45.4687981Z;70
2024-05-09T13:55:45.5369995Z;67
2024-05-09T13:55:45.6094596Z;70
2024-05-09T13:55:45.6961200Z;86
2024-05-09T13:55:45.7939393Z;97
2024-05-09T13:55:45.9041101Z;108
2024-05-09T13:55:45.9721614Z;67
2024-05-09T13:55:46.0351739Z;62
2024-05-09T13:55:46.1357735Z;100
2024-05-09T13:55:46.1987381Z;62
2024-05-09T13:55:46.2627811Z;63
2024-05-09T13:55:46.3322901Z;68
2024-05-09T13:55:46.4073986Z;74
2024-05-09T13:55:46.5077203Z;78
2024-05-09T13:55:46.5772240Z;69
2024-05-09T13:55:46.6393420Z;61
2024-05-09T13:55:46.7033255Z;63
2024-05-09T13:55:46.7991236Z;95
2024-05-09T13:55:46.9010227Z;101
2024-05-09T13:55:47.0049506Z;103
2024-05-09T13:55:47.0686770Z;63
2024-05-09T13:55:47.1367254Z;67
2024-05-09T13:55:47.2079613Z;70
2024-05-09T13:55:47.2830189Z;74
2024-05-09T13:55:47.3600049Z;76
2024-05-09T13:55:47.4344661Z;73
2024-05-09T13:55:47.4968990Z;62
2024-05-09T13:55:47.5607963Z;63
2024-05-09T13:55:47.6376683Z;76
2024-05-09T13:55:47.7128662Z;74
2024-05-09T13:55:47.7755352Z;62
2024-05-09T13:55:47.8425627Z;66
2024-05-09T13:55:47.9148621Z;70
2024-05-09T13:55:47.9828139Z;67
2024-05-09T13:55:48.0639666Z;80
2024-05-09T13:55:48.1357523Z;71
2024-05-09T13:55:48.2156522Z;79
2024-05-09T13:55:48.2828871Z;66
2024-05-09T13:55:48.3535829Z;70
2024-05-09T13:55:48.4223508Z;68
2024-05-09T13:55:48.4935614Z;70
2024-05-09T13:55:48.5592931Z;65
2024-05-09T13:55:48.6429779Z;82
2024-05-09T13:55:48.7266016Z;83
2024-05-09T13:55:48.8120871Z;85
2024-05-09T13:55:48.8786847Z;66
2024-05-09T13:55:48.9484147Z;69
2024-05-09T13:55:49.0140246Z;65
2024-05-09T13:55:49.0844540Z;70
2024-05-09T13:55:49.1516920Z;66
2024-05-09T13:55:49.2139053Z;61
2024-05-09T13:55:49.2862224Z;71
2024-05-09T13:55:49.3520213Z;65
2024-05-09T13:55:49.4256889Z;73
2024-05-09T13:55:49.4928521Z;65
2024-05-09T13:55:49.6188570Z;104
2024-05-09T13:55:49.6983221Z;78
2024-05-09T13:55:49.7704137Z;67
2024-05-09T13:55:49.8369953Z;64
2024-05-09T13:55:49.9030057Z;65
2024-05-09T13:55:50.0139126Z;110
2024-05-09T13:55:50.0801714Z;65
2024-05-09T13:55:50.1450316Z;64
2024-05-09T13:55:50.2195534Z;73
2024-05-09T13:55:50.2967927Z;76
2024-05-09T13:55:50.3904019Z;93
2024-05-09T13:55:50.4525033Z;61
2024-05-09T13:55:50.5383617Z;85
2024-05-09T13:55:50.6171791Z;78
2024-05-09T13:55:50.7012328Z;83
2024-05-09T13:55:50.7634518Z;61
2024-05-09T13:55:50.8304368Z;66
2024-05-09T13:55:50.9177425Z;68
2024-05-09T13:55:50.9829597Z;64
2024-05-09T13:55:51.0507040Z;67
2024-05-09T13:55:51.1187107Z;67
2024-05-09T13:55:51.1918994Z;72
2024-05-09T13:55:51.2611044Z;68
2024-05-09T13:55:51.3264150Z;64
2024-05-09T13:55:51.3926107Z;65
2024-05-09T13:55:51.4690329Z;76
2024-05-09T13:55:51.5752666Z;105
2024-05-09T13:55:51.6642437Z;88
2024-05-09T13:55:51.7259974Z;61
2024-05-09T13:55:51.8305181Z;104
2024-05-09T13:55:51.9078740Z;77
2024-05-09T13:55:51.9759191Z;67
2024-05-09T13:55:52.0607878Z;70
2024-05-09T13:55:52.1231337Z;61
2024-05-09T13:55:52.1920834Z;68
2024-05-09T13:55:52.2699065Z;76
2024-05-09T13:55:52.3415131Z;71
2024-05-09T13:55:52.4069600Z;65
2024-05-09T13:55:52.4708769Z;63
2024-05-09T13:55:52.5465892Z;75
2024-05-09T13:55:52.6119823Z;65
2024-05-09T13:55:52.7026878Z;90
2024-05-09T13:55:52.7711812Z;68
2024-05-09T13:55:52.8357153Z;64
2024-05-09T13:55:52.9073470Z;70
2024-05-09T13:55:52.9758038Z;68
2024-05-09T13:55:53.1196254Z;143
2024-05-09T13:55:53.1816642Z;61
2024-05-09T13:55:53.2468379Z;64
2024-05-09T13:55:53.3177679Z;70
2024-05-09T13:55:53.3942436Z;75
2024-05-09T13:55:53.4789571Z;84
2024-05-09T13:55:53.5596008Z;80
2024-05-09T13:55:53.6777595Z;71
2024-05-09T13:55:53.7415157Z;63
2024-05-09T13:55:53.8094758Z;67
2024-05-09T13:55:53.8925809Z;82
2024-05-09T13:55:53.9630747Z;70
2024-05-09T13:55:54.0270852Z;63
2024-05-09T13:55:54.1026007Z;75
2024-05-09T13:55:54.1732520Z;70
2024-05-09T13:55:54.3101757Z;136
2024-05-09T13:55:54.4629252Z;151
2024-05-09T13:55:54.5870208Z;123
2024-05-09T13:55:54.7022148Z;114
2024-05-09T13:55:54.8336793Z;131
2024-05-09T13:55:54.8995098Z;65
2024-05-09T13:55:54.9621635Z;62
2024-05-09T13:55:55.0487888Z;86
2024-05-09T13:55:55.1378619Z;88
2024-05-09T13:55:55.2120484Z;73
2024-05-09T13:55:55.2954495Z;82
2024-05-09T13:55:55.3664003Z;70
2024-05-09T13:55:55.4363510Z;69
2024-05-09T13:55:55.5294076Z;92
2024-05-09T13:55:55.6016687Z;71
2024-05-09T13:55:55.6655416Z;63
2024-05-09T13:55:55.7293895Z;63
2024-05-09T13:55:55.8285544Z;98
2024-05-09T13:55:55.9205432Z;91
2024-05-09T13:55:55.9908135Z;69
2024-05-09T13:55:56.0554811Z;64
2024-05-09T13:55:56.1288063Z;72
2024-05-09T13:55:56.2218106Z;92
2024-05-09T13:55:56.2967718Z;74
2024-05-09T13:55:56.3899543Z;92
2024-05-09T13:55:56.4551070Z;63
2024-05-09T13:55:56.5277329Z;72
2024-05-09T13:55:56.6151683Z;87
2024-05-09T13:55:56.6856031Z;70
2024-05-09T13:55:56.7511813Z;65
2024-05-09T13:55:56.8232280Z;70
2024-05-09T13:55:56.8907610Z;67
2024-05-09T13:55:56.9619072Z;70
2024-05-09T13:55:57.0301185Z;67
2024-05-09T13:55:57.1009252Z;69
2024-05-09T13:55:57.1855402Z;84
2024-05-09T13:55:57.3102745Z;124
2024-05-09T13:55:57.3981676Z;87
2024-05-09T13:55:57.4605255Z;60
2024-05-09T13:55:57.5367643Z;75
2024-05-09T13:55:57.6240424Z;86
2024-05-09T13:55:57.7281042Z;103
2024-05-09T13:55:57.8216617Z;93
2024-05-09T13:55:57.8905952Z;68
2024-05-09T13:55:57.9534838Z;62
2024-05-09T13:55:58.0300863Z;76
2024-05-09T13:55:58.1084647Z;77
2024-05-09T13:55:58.1795408Z;70
2024-05-09T13:55:58.2588441Z;78
2024-05-09T13:55:58.3309572Z;71
2024-05-09T13:55:58.3998082Z;68
2024-05-09T13:55:58.4727030Z;72
2024-05-09T13:55:58.5455664Z;72
2024-05-09T13:55:58.6158207Z;69
2024-05-09T13:55:58.7006411Z;84
2024-05-09T13:55:58.7885683Z;85
2024-05-09T13:55:58.8601161Z;71
2024-05-09T13:55:58.9257578Z;65
2024-05-09T13:55:58.9913578Z;65
2024-05-09T13:55:59.0662209Z;74
2024-05-09T13:55:59.1475845Z;80
2024-05-09T13:55:59.2299611Z;82
2024-05-09T13:55:59.2972722Z;66
2024-05-09T13:55:59.3627378Z;65
2024-05-09T13:55:59.4343263Z;71
2024-05-09T13:55:59.5079855Z;72
2024-05-09T13:55:59.5883575Z;79
2024-05-09T13:55:59.6618641Z;73
2024-05-09T13:55:59.7335917Z;69
2024-05-09T13:55:59.8182167Z;84
2024-05-09T13:55:59.8804379Z;61
2024-05-09T13:55:59.9459772Z;65
2024-05-09T13:56:00.0282662Z;81
2024-05-09T13:56:00.1038874Z;75
2024-05-09T13:56:00.1678146Z;63
2024-05-09T13:56:00.2330685Z;64
2024-05-09T13:56:00.3005130Z;67
2024-05-09T13:56:00.3727806Z;71
2024-05-09T13:56:00.4829456Z;109
2024-05-09T13:56:00.5491946Z;65
2024-05-09T13:56:00.6130645Z;63
2024-05-09T13:56:00.6981146Z;84
2024-05-09T13:56:00.7779033Z;79
2024-05-09T13:56:00.8836295Z;105
2024-05-09T13:56:00.9677189Z;79
2024-05-09T13:56:01.0466139Z;77
2024-05-09T13:56:01.1084749Z;61
2024-05-09T13:56:01.1726829Z;63
2024-05-09T13:56:01.2438872Z;70
2024-05-09T13:56:01.3256132Z;81
2024-05-09T13:56:01.4030285Z;77
2024-05-09T13:56:01.4666360Z;63
2024-05-09T13:56:01.5289958Z;61
2024-05-09T13:56:01.6383206Z;108
2024-05-09T13:56:01.7021471Z;63
2024-05-09T13:56:01.7818159Z;79
2024-05-09T13:56:01.8669396Z;84
2024-05-09T13:56:01.9440450Z;76
2024-05-09T13:56:02.0180106Z;73
2024-05-09T13:56:02.0819528Z;63
2024-05-09T13:56:02.1574845Z;75
2024-05-09T13:56:02.2329944Z;75
2024-05-09T13:56:02.3054018Z;72
2024-05-09T13:56:02.3692315Z;63
2024-05-09T13:56:02.4362005Z;66
2024-05-09T13:56:02.5154397Z;78
2024-05-09T13:56:02.5902362Z;74
2024-05-09T13:56:02.6550380Z;64
2024-05-09T13:56:02.7196204Z;63
2024-05-09T13:56:02.7825105Z;62
2024-05-09T13:56:02.8583450Z;75
2024-05-09T13:56:02.9273442Z;68
2024-05-09T13:56:02.9968526Z;69
2024-05-09T13:56:03.1103755Z;113
2024-05-09T13:56:03.1809855Z;65
2024-05-09T13:56:03.2489882Z;67
2024-05-09T13:56:03.3486945Z;99
2024-05-09T13:56:03.4387916Z;89
2024-05-09T13:56:03.5136925Z;74
2024-05-09T13:56:03.5908959Z;76
2024-05-09T13:56:03.6565983Z;65
2024-05-09T13:56:03.7541464Z;97
2024-05-09T13:56:03.8195420Z;65
2024-05-09T13:56:03.8868546Z;66
2024-05-09T13:56:03.9708795Z;83
2024-05-09T13:56:04.0414855Z;70
2024-05-09T13:56:04.1054401Z;63
2024-05-09T13:56:04.2195207Z;113
2024-05-09T13:56:04.3002458Z;80
2024-05-09T13:56:04.4111875Z;110
2024-05-09T13:56:04.4760067Z;64
2024-05-09T13:56:04.5556997Z;74
2024-05-09T13:56:04.6440431Z;87
2024-05-09T13:56:04.7331057Z;88
2024-05-09T13:56:04.8108504Z;71
2024-05-09T13:56:04.8934791Z;82
2024-05-09T13:56:04.9555662Z;61
2024-05-09T13:56:05.0278845Z;72
2024-05-09T13:56:05.1052864Z;77
2024-05-09T13:56:05.1874814Z;78
2024-05-09T13:56:05.2497326Z;61
2024-05-09T13:56:05.3203484Z;70
2024-05-09T13:56:05.4006291Z;79
2024-05-09T13:56:05.4782742Z;76
2024-05-09T13:56:05.5660477Z;87
2024-05-09T13:56:05.6295044Z;62
2024-05-09T13:56:05.7018520Z;72
2024-05-09T13:56:05.7723361Z;70
2024-05-09T13:56:05.8422666Z;69
2024-05-09T13:56:05.9219897Z;79
2024-05-09T13:56:05.9842054Z;61
2024-05-09T13:56:06.0563886Z;71
2024-05-09T13:56:06.1374610Z;80
2024-05-09T13:56:06.2564464Z;118
2024-05-09T13:56:06.3218664Z;65
2024-05-09T13:56:06.3875113Z;64
2024-05-09T13:56:06.4646797Z;76
2024-05-09T13:56:06.5403961Z;75
2024-05-09T13:56:06.6148895Z;74
2024-05-09T13:56:06.7269972Z;111
2024-05-09T13:56:06.7900338Z;62
2024-05-09T13:56:06.8547316Z;64
2024-05-09T13:56:06.9421226Z;87
2024-05-09T13:56:07.0260399Z;83
2024-05-09T13:56:07.0900394Z;63
2024-05-09T13:56:07.1634574Z;72
2024-05-09T13:56:07.2361267Z;72
2024-05-09T13:56:07.3232759Z;85
2024-05-09T13:56:07.4065127Z;82
2024-05-09T13:56:07.4798727Z;72
2024-05-09T13:56:07.5531981Z;72
2024-05-09T13:56:07.6218914Z;68
2024-05-09T13:56:07.6932231Z;70
2024-05-09T13:56:07.7610329Z;67
2024-05-09T13:56:07.8462529Z;84
2024-05-09T13:56:07.9537129Z;107
2024-05-09T13:56:08.0193147Z;63
2024-05-09T13:56:08.0831609Z;63
2024-05-09T13:56:08.1689948Z;85
2024-05-09T13:56:08.2445293Z;73
2024-05-09T13:56:08.3243978Z;79
2024-05-09T13:56:08.3931386Z;68
2024-05-09T13:56:08.4552263Z;61
2024-05-09T13:56:08.5732909Z;117
2024-05-09T13:56:08.6899286Z;116
2024-05-09T13:56:08.7849134Z;93
2024-05-09T13:56:08.8478894Z;62
2024-05-09T13:56:08.9205468Z;72
2024-05-09T13:56:09.0048053Z;81
2024-05-09T13:56:09.0693533Z;63
2024-05-09T13:56:09.1402175Z;70
2024-05-09T13:56:09.2141238Z;73
2024-05-09T13:56:09.2914193Z;76
2024-05-09T13:56:09.3579073Z;66
2024-05-09T13:56:09.4310003Z;72
2024-05-09T13:56:09.5066863Z;75
2024-05-09T13:56:09.5687045Z;61
2024-05-09T13:56:09.6565302Z;87
2024-05-09T13:56:09.7331114Z;76
2024-05-09T13:56:09.7982330Z;64
2024-05-09T13:56:09.8678171Z;69
2024-05-09T13:56:09.9485993Z;80
2024-05-09T13:56:10.0410369Z;92
2024-05-09T13:56:10.1232807Z;81
2024-05-09T13:56:10.1889007Z;65
2024-05-09T13:56:10.2627997Z;73
2024-05-09T13:56:10.3351375Z;72
2024-05-09T13:56:10.4064907Z;70
2024-05-09T13:56:10.5593433Z;152
2024-05-09T13:56:10.6242621Z;64
2024-05-09T13:56:10.6947412Z;70
2024-05-09T13:56:10.7754474Z;80
2024-05-09T13:56:10.8527111Z;76
2024-05-09T13:56:10.9282931Z;75
2024-05-09T13:56:10.9904528Z;61
2024-05-09T13:56:11.0543826Z;63
2024-05-09T13:56:11.1316826Z;76
2024-05-09T13:56:11.2022398Z;70
2024-05-09T13:56:11.2712108Z;68
2024-05-09T13:56:11.3400042Z;68
2024-05-09T13:56:11.4206659Z;80
2024-05-09T13:56:11.5434018Z;122
2024-05-09T13:56:11.6256304Z;81
2024-05-09T13:56:11.6914738Z;65
2024-05-09T13:56:11.7905005Z;98
2024-05-09T13:56:11.8543846Z;63
2024-05-09T13:56:11.9365965Z;81
2024-05-09T13:56:12.0120335Z;75
2024-05-09T13:56:12.0800334Z;67
2024-05-09T13:56:12.1533965Z;72
2024-05-09T13:56:12.2259236Z;72
2024-05-09T13:56:12.2927467Z;66
2024-05-09T13:56:12.3582635Z;64
2024-05-09T13:56:12.4357400Z;77
2024-05-09T13:56:12.5037549Z;67
2024-05-09T13:56:12.5730248Z;67
2024-05-09T13:56:12.6582420Z;84
2024-05-09T13:56:12.7479055Z;89
2024-05-09T13:56:12.8205426Z;72
2024-05-09T13:56:12.8826352Z;61
2024-05-09T13:56:12.9584105Z;75
2024-05-09T13:56:13.0776942Z;118
2024-05-09T13:56:13.1500231Z;71
2024-05-09T13:56:13.2289564Z;78
2024-05-09T13:56:13.3096946Z;80
2024-05-09T13:56:13.4088081Z;98
2024-05-09T13:56:13.4761653Z;67
2024-05-09T13:56:13.5464908Z;70
2024-05-09T13:56:13.6102787Z;63
2024-05-09T13:56:13.6895234Z;78
2024-05-09T13:56:13.7543073Z;64
2024-05-09T13:56:13.8187480Z;64
2024-05-09T13:56:13.8949400Z;75
2024-05-09T13:56:13.9621254Z;66
2024-05-09T13:56:14.0255562Z;63
2024-05-09T13:56:14.0945249Z;68
2024-05-09T13:56:14.1751348Z;80
2024-05-09T13:56:14.2677705Z;92
2024-05-09T13:56:14.3422413Z;74
2024-05-09T13:56:14.4299228Z;86
2024-05-09T13:56:14.5180180Z;87
2024-05-09T13:56:14.6220710Z;103
2024-05-09T13:56:14.6860028Z;63
2024-05-09T13:56:14.7519623Z;65
2024-05-09T13:56:14.8236033Z;70
2024-05-09T13:56:14.8977600Z;73
2024-05-09T13:56:14.9633694Z;65
2024-05-09T13:56:15.0681851Z;103
2024-05-09T13:56:15.1525453Z;84
2024-05-09T13:56:15.2191034Z;66
2024-05-09T13:56:15.2843288Z;64
2024-05-09T13:56:15.3531066Z;68
2024-05-09T13:56:15.4355147Z;82
2024-05-09T13:56:15.5107192Z;74
2024-05-09T13:56:15.5839208Z;72
2024-05-09T13:56:15.6564993Z;72
2024-05-09T13:56:15.7312759Z;74
2024-05-09T13:56:15.8028592Z;71
2024-05-09T13:56:15.8650795Z;61
2024-05-09T13:56:15.9392937Z;73
2024-05-09T13:56:16.0006865Z;61
2024-05-09T13:56:16.0674864Z;66
2024-05-09T13:56:16.1433847Z;75
2024-05-09T13:56:16.2203621Z;76
2024-05-09T13:56:16.3245471Z;103
2024-05-09T13:56:16.3997618Z;74
2024-05-09T13:56:16.4691753Z;68
2024-05-09T13:56:16.5363070Z;66
2024-05-09T13:56:16.6050444Z;68
2024-05-09T13:56:16.6869660Z;69
2024-05-09T13:56:16.7580927Z;70
2024-05-09T13:56:16.8268641Z;68
2024-05-09T13:56:16.8998060Z;72
2024-05-09T13:56:16.9664793Z;66
2024-05-09T13:56:17.0321558Z;65
2024-05-09T13:56:17.0993272Z;66
2024-05-09T13:56:17.1716180Z;71
2024-05-09T13:56:17.2437954Z;71
2024-05-09T13:56:17.3105382Z;66
2024-05-09T13:56:17.3832852Z;72
2024-05-09T13:56:17.4549484Z;70
2024-05-09T13:56:17.5277613Z;72
2024-05-09T13:56:17.5917447Z;63
2024-05-09T13:56:17.6639188Z;71
2024-05-09T13:56:17.7345006Z;70
2024-05-09T13:56:17.8034283Z;67
2024-05-09T13:56:17.8672859Z;63
2024-05-09T13:56:17.9311624Z;63
2024-05-09T13:56:18.0119405Z;80
2024-05-09T13:56:18.0891648Z;76
2024-05-09T13:56:18.1798208Z;90
2024-05-09T13:56:18.2454159Z;65
2024-05-09T13:56:18.3186914Z;71
2024-05-09T13:56:18.3863330Z;67
2024-05-09T13:56:18.4870428Z;100
2024-05-09T13:56:18.5915541Z;104
2024-05-09T13:56:18.6572437Z;65
2024-05-09T13:56:18.7243930Z;66
2024-05-09T13:56:18.8023246Z;77
2024-05-09T13:56:18.8717338Z;67
2024-05-09T13:56:18.9439884Z;71
2024-05-09T13:56:19.0269760Z;82
2024-05-09T13:56:19.1084365Z;81
2024-05-09T13:56:19.1931299Z;84
2024-05-09T13:56:19.2688507Z;75
2024-05-09T13:56:19.3377318Z;68
2024-05-09T13:56:19.4000934Z;61
2024-05-09T13:56:19.4672716Z;66
2024-05-09T13:56:19.5679830Z;87
2024-05-09T13:56:19.6387175Z;70
2024-05-09T13:56:19.7198821Z;80
2024-05-09T13:56:19.7955349Z;75
2024-05-09T13:56:19.8672183Z;71
2024-05-09T13:56:19.9344887Z;66
2024-05-09T13:56:19.9967804Z;61
2024-05-09T13:56:20.0637101Z;66
2024-05-09T13:56:20.1434359Z;79
2024-05-09T13:56:20.2334963Z;89
2024-05-09T13:56:20.3125047Z;78
2024-05-09T13:56:20.3995234Z;86
2024-05-09T13:56:20.4862502Z;86
2024-05-09T13:56:20.6049785Z;118
2024-05-09T13:56:20.6688556Z;63
2024-05-09T13:56:20.7443451Z;74
2024-05-09T13:56:20.8234249Z;78
2024-05-09T13:56:20.9018309Z;78
2024-05-09T13:56:20.9727956Z;70
2024-05-09T13:56:21.0569366Z;83
2024-05-09T13:56:21.1317562Z;74
2024-05-09T13:56:21.2051847Z;73
2024-05-09T13:56:21.2683130Z;62
2024-05-09T13:56:21.3410275Z;72
2024-05-09T13:56:21.4137856Z;72
2024-05-09T13:56:21.4899318Z;75
2024-05-09T13:56:21.5670700Z;76
2024-05-09T13:56:21.6358985Z;68
2024-05-09T13:56:21.7007358Z;64
2024-05-09T13:56:21.7679487Z;66
2024-05-09T13:56:21.8302289Z;61
2024-05-09T13:56:21.9000906Z;69
2024-05-09T13:56:21.9880522Z;87
2024-05-09T13:56:22.0686825Z;80
2024-05-09T13:56:22.1704944Z;100
2024-05-09T13:56:22.2569160Z;86
2024-05-09T13:56:22.3257712Z;68
2024-05-09T13:56:22.3880681Z;61
2024-05-09T13:56:22.4601080Z;71
2024-05-09T13:56:22.5392335Z;78
2024-05-09T13:56:22.6013540Z;61
2024-05-09T13:56:22.6737854Z;72
2024-05-09T13:56:22.7469796Z;72
2024-05-09T13:56:22.8183085Z;70
2024-05-09T13:56:22.8821436Z;63
2024-05-09T13:56:22.9576800Z;75
2024-05-09T13:56:23.0618544Z;103
2024-05-09T13:56:23.1542724Z;92
2024-05-09T13:56:23.2214859Z;66
2024-05-09T13:56:23.2844477Z;62
2024-05-09T13:56:23.3603191Z;71
2024-05-09T13:56:23.4485168Z;87
2024-05-09T13:56:23.5274034Z;78
2024-05-09T13:56:23.5896368Z;61
2024-05-09T13:56:23.6668935Z;76
2024-05-09T13:56:23.7559394Z;88
2024-05-09T13:56:23.8315994Z;75
2024-05-09T13:56:23.8996780Z;67
2024-05-09T13:56:23.9660799Z;66
2024-05-09T13:56:24.0433853Z;76
2024-05-09T13:56:24.1172341Z;73
2024-05-09T13:56:24.1862214Z;68
2024-05-09T13:56:24.2584301Z;71
2024-05-09T13:56:24.3303294Z;71
2024-05-09T13:56:24.4175565Z;85
2024-05-09T13:56:24.4987461Z;80
2024-05-09T13:56:24.5758053Z;76
2024-05-09T13:56:24.6381774Z;62
2024-05-09T13:56:24.7123283Z;73
2024-05-09T13:56:24.7894288Z;76
2024-05-09T13:56:24.8585078Z;68
2024-05-09T13:56:24.9911373Z;132
2024-05-09T13:56:25.0919922Z;100
2024-05-09T13:56:25.2515909Z;159
2024-05-09T13:56:25.3894352Z;137
2024-05-09T13:56:25.5314688Z;141
2024-05-09T13:56:25.6196827Z;87
2024-05-09T13:56:25.7177085Z;81
2024-05-09T13:56:25.7825775Z;63
2024-05-09T13:56:25.8870682Z;103
2024-05-09T13:56:25.9726201Z;85
2024-05-09T13:56:26.0534092Z;80
2024-05-09T13:56:26.1428202Z;89
2024-05-09T13:56:26.2431265Z;99
2024-05-09T13:56:26.3070151Z;63
2024-05-09T13:56:26.4094422Z;102
2024-05-09T13:56:26.4909965Z;81
2024-05-09T13:56:26.5540386Z;62
2024-05-09T13:56:26.6245018Z;70
2024-05-09T13:56:26.7070495Z;82
2024-05-09T13:56:26.7746485Z;67
2024-05-09T13:56:26.8477844Z;72
2024-05-09T13:56:26.9237440Z;75
2024-05-09T13:56:26.9859704Z;61
2024-05-09T13:56:27.0483995Z;62
2024-05-09T13:56:27.1255919Z;76
2024-05-09T13:56:27.2006070Z;74
2024-05-09T13:56:27.2745635Z;73
2024-05-09T13:56:27.3404098Z;65
2024-05-09T13:56:27.4106001Z;69
2024-05-09T13:56:27.4768970Z;65
2024-05-09T13:56:27.5439342Z;66
2024-05-09T13:56:27.6161182Z;71
2024-05-09T13:56:27.6845136Z;67
2024-05-09T13:56:27.7540401Z;69
2024-05-09T13:56:27.8465907Z;90
2024-05-09T13:56:27.9220006Z;74
2024-05-09T13:56:27.9977926Z;75
2024-05-09T13:56:28.0614892Z;63
2024-05-09T13:56:28.1550497Z;93
2024-05-09T13:56:28.2344525Z;78
2024-05-09T13:56:28.3094426Z;74
2024-05-09T13:56:28.3775041Z;67
2024-05-09T13:56:28.4430278Z;63
2024-05-09T13:56:28.5219711Z;78
2024-05-09T13:56:28.6049340Z;81
2024-05-09T13:56:28.6715758Z;66
2024-05-09T13:56:28.7354163Z;63
2024-05-09T13:56:28.8053954Z;69
2024-05-09T13:56:28.8699273Z;64
2024-05-09T13:56:28.9387962Z;68
2024-05-09T13:56:29.0077102Z;68
2024-05-09T13:56:29.1088322Z;83
2024-05-09T13:56:29.1712874Z;61
2024-05-09T13:56:29.2445596Z;72
2024-05-09T13:56:29.3690333Z;124
2024-05-09T13:56:29.4310829Z;61
2024-05-09T13:56:29.4969423Z;65
2024-05-09T13:56:29.5741253Z;76
2024-05-09T13:56:29.6590918Z;84
2024-05-09T13:56:29.7238515Z;64
2024-05-09T13:56:29.7892759Z;65
2024-05-09T13:56:29.8614035Z;71
2024-05-09T13:56:29.9370606Z;75
2024-05-09T13:56:30.0043217Z;66
2024-05-09T13:56:30.0665224Z;61
2024-05-09T13:56:30.1510815Z;83
2024-05-09T13:56:30.2294192Z;77
2024-05-09T13:56:30.3050328Z;75
2024-05-09T13:56:30.3689656Z;63
2024-05-09T13:56:30.4415017Z;72
2024-05-09T13:56:30.5083297Z;66
2024-05-09T13:56:30.5731858Z;64
2024-05-09T13:56:30.6864135Z;112
2024-05-09T13:56:30.7816947Z;94
2024-05-09T13:56:30.8612969Z;79
2024-05-09T13:56:30.9235275Z;61
2024-05-09T13:56:30.9908055Z;66
2024-05-09T13:56:31.0664822Z;75
2024-05-09T13:56:31.1564654Z;89
2024-05-09T13:56:31.2261852Z;69
2024-05-09T13:56:31.3772498Z;93
2024-05-09T13:56:31.4484894Z;70
2024-05-09T13:56:31.5091479Z;60
2024-05-09T13:56:31.5733002Z;62
2024-05-09T13:56:31.6545863Z;80
2024-05-09T13:56:31.7216913Z;66
2024-05-09T13:56:31.8101795Z;88
2024-05-09T13:56:31.9094043Z;98
2024-05-09T13:56:32.0006708Z;90
2024-05-09T13:56:32.0679332Z;66
2024-05-09T13:56:32.1536453Z;85
2024-05-09T13:56:32.2275301Z;73
2024-05-09T13:56:32.2894224Z;61
2024-05-09T13:56:32.3553014Z;65
2024-05-09T13:56:32.4276522Z;71
2024-05-09T13:56:32.4915151Z;63
2024-05-09T13:56:32.5569610Z;65
2024-05-09T13:56:32.6286758Z;70
2024-05-09T13:56:32.6932619Z;64
2024-05-09T13:56:32.7586299Z;65
2024-05-09T13:56:32.8276025Z;68
2024-05-09T13:56:32.9368391Z;108
2024-05-09T13:56:32.9990316Z;61
2024-05-09T13:56:33.1318630Z;132
2024-05-09T13:56:33.2207979Z;88
2024-05-09T13:56:33.3048793Z;83
2024-05-09T13:56:33.3737591Z;68
2024-05-09T13:56:33.4413681Z;67
2024-05-09T13:56:33.5082274Z;66
2024-05-09T13:56:33.5854934Z;76
2024-05-09T13:56:33.6705032Z;84
2024-05-09T13:56:33.7335972Z;62
2024-05-09T13:56:33.8190969Z;85
2024-05-09T13:56:33.8982010Z;78
2024-05-09T13:56:33.9938631Z;94
2024-05-09T13:56:34.0627158Z;68
2024-05-09T13:56:34.1501006Z;87
2024-05-09T13:56:34.2224263Z;71
2024-05-09T13:56:34.2889562Z;65
2024-05-09T13:56:34.3534765Z;64
2024-05-09T13:56:34.4290869Z;75
2024-05-09T13:56:34.5134164Z;83
2024-05-09T13:56:34.5853847Z;71
2024-05-09T13:56:34.6569575Z;71
2024-05-09T13:56:34.7191807Z;61
2024-05-09T13:56:34.7988997Z;79
2024-05-09T13:56:34.8794059Z;79
2024-05-09T13:56:34.9501016Z;70
2024-05-09T13:56:35.0124733Z;61
2024-05-09T13:56:35.0804919Z;67
2024-05-09T13:56:35.1531250Z;72
2024-05-09T13:56:35.2261465Z;72
2024-05-09T13:56:35.2911897Z;64
2024-05-09T13:56:35.3635597Z;72
2024-05-09T13:56:35.4320844Z;66
2024-05-09T13:56:35.5045793Z;71
2024-05-09T13:56:35.5736178Z;68
2024-05-09T13:56:35.6432568Z;68
2024-05-09T13:56:35.7198586Z;76
2024-05-09T13:56:35.7886993Z;68
2024-05-09T13:56:35.8525441Z;63
2024-05-09T13:56:35.9283158Z;74
2024-05-09T13:56:36.0200920Z;91
2024-05-09T13:56:36.1029596Z;82
2024-05-09T13:56:36.1802279Z;76
2024-05-09T13:56:36.2469206Z;66
2024-05-09T13:56:36.3173448Z;69
2024-05-09T13:56:36.4441888Z;126
2024-05-09T13:56:36.5499609Z;105
2024-05-09T13:56:36.6153934Z;65
2024-05-09T13:56:36.6793908Z;63
2024-05-09T13:56:36.7699672Z;90
2024-05-09T13:56:36.8407451Z;70
2024-05-09T13:56:36.9225769Z;81
2024-05-09T13:56:36.9952343Z;72
2024-05-09T13:56:37.0608116Z;65
2024-05-09T13:56:37.1263451Z;65
2024-05-09T13:56:37.1920601Z;65
2024-05-09T13:56:37.2818099Z;88
2024-05-09T13:56:37.3479965Z;65
2024-05-09T13:56:37.4219743Z;73
2024-05-09T13:56:37.5073578Z;85
2024-05-09T13:56:37.5951492Z;87
2024-05-09T13:56:37.6794558Z;83
2024-05-09T13:56:37.7448188Z;65
2024-05-09T13:56:37.8172807Z;72
2024-05-09T13:56:37.8950412Z;77
2024-05-09T13:56:37.9670954Z;71
2024-05-09T13:56:38.0354662Z;68
2024-05-09T13:56:38.1044739Z;68
2024-05-09T13:56:38.1710536Z;66
2024-05-09T13:56:38.2508623Z;79
2024-05-09T13:56:38.3245059Z;73
2024-05-09T13:56:38.3962769Z;71
2024-05-09T13:56:38.4637785Z;67
2024-05-09T13:56:38.5317755Z;67
2024-05-09T13:56:38.5986389Z;66
2024-05-09T13:56:38.6914969Z;92
2024-05-09T13:56:38.7548060Z;62
2024-05-09T13:56:38.8269224Z;71
2024-05-09T13:56:38.8976630Z;70
2024-05-09T13:56:38.9932777Z;95
2024-05-09T13:56:39.0691984Z;75
2024-05-09T13:56:39.1313264Z;61
2024-05-09T13:56:39.2001605Z;68
2024-05-09T13:56:39.2787538Z;78
2024-05-09T13:56:39.3530003Z;73
2024-05-09T13:56:39.4354702Z;82
2024-05-09T13:56:39.4977008Z;61
2024-05-09T13:56:39.5598381Z;61
2024-05-09T13:56:39.6304033Z;70
2024-05-09T13:56:39.7699392Z;139
2024-05-09T13:56:39.8523592Z;82
2024-05-09T13:56:39.9211874Z;68
2024-05-09T13:56:40.0598014Z;101
2024-05-09T13:56:40.1480619Z;87
2024-05-09T13:56:40.2286406Z;80
2024-05-09T13:56:40.3042297Z;75
2024-05-09T13:56:40.3681507Z;63
2024-05-09T13:56:40.4320327Z;63
2024-05-09T13:56:40.4970019Z;64
2024-05-09T13:56:40.5733851Z;75
2024-05-09T13:56:40.6502191Z;76
2024-05-09T13:56:40.7430246Z;92
2024-05-09T13:56:40.8269519Z;83
2024-05-09T13:56:40.8942002Z;66
2024-05-09T13:56:40.9597422Z;65
2024-05-09T13:56:41.0247820Z;63
2024-05-09T13:56:41.0925034Z;67
2024-05-09T13:56:41.1637027Z;70
2024-05-09T13:56:41.2285737Z;64
2024-05-09T13:56:41.3164611Z;87
2024-05-09T13:56:41.3926981Z;75
2024-05-09T13:56:41.4638916Z;70
2024-05-09T13:56:41.5276436Z;63
2024-05-09T13:56:41.5927822Z;64
2024-05-09T13:56:41.6588435Z;64
2024-05-09T13:56:41.7290887Z;69
2024-05-09T13:56:41.7983420Z;68
2024-05-09T13:56:41.8705519Z;71
2024-05-09T13:56:41.9442871Z;72
2024-05-09T13:56:42.0302804Z;81
2024-05-09T13:56:42.1012250Z;69
2024-05-09T13:56:42.1637439Z;62
2024-05-09T13:56:42.2369067Z;72
2024-05-09T13:56:42.3126313Z;75
2024-05-09T13:56:42.3844319Z;71
2024-05-09T13:56:42.4484241Z;61
2024-05-09T13:56:42.5110207Z;62
2024-05-09T13:56:42.6013811Z;89
2024-05-09T13:56:42.6688683Z;67
2024-05-09T13:56:42.7631079Z;90
2024-05-09T13:56:42.8268866Z;63
2024-05-09T13:56:42.8940435Z;66
2024-05-09T13:56:42.9662508Z;71
2024-05-09T13:56:43.0800898Z;112
2024-05-09T13:56:43.1511502Z;70
2024-05-09T13:56:43.2150465Z;63
2024-05-09T13:56:43.2771850Z;61
2024-05-09T13:56:43.3563429Z;78
2024-05-09T13:56:43.4381577Z;81
2024-05-09T13:56:43.5249521Z;86
2024-05-09T13:56:43.6155293Z;88
2024-05-09T13:56:43.7063952Z;89
2024-05-09T13:56:43.7796660Z;72
2024-05-09T13:56:43.8553163Z;75
2024-05-09T13:56:43.9276373Z;71
2024-05-09T13:56:43.9931346Z;65
2024-05-09T13:56:44.1335589Z;92
2024-05-09T13:56:44.2033147Z;69
2024-05-09T13:56:44.2660059Z;61
2024-05-09T13:56:44.3343493Z;68
2024-05-09T13:56:44.4278994Z;93
2024-05-09T13:56:44.4972421Z;68
2024-05-09T13:56:44.5595301Z;61
2024-05-09T13:56:44.6317526Z;71
2024-05-09T13:56:44.7338058Z;101
2024-05-09T13:56:44.8316187Z;97
2024-05-09T13:56:44.9380529Z;105
2024-05-09T13:56:45.0534659Z;115
2024-05-09T13:56:45.1529883Z;99
2024-05-09T13:56:45.2585273Z;105
2024-05-09T13:56:45.3263746Z;66
2024-05-09T13:56:45.3936789Z;67
2024-05-09T13:56:45.4804441Z;86
2024-05-09T13:56:45.5560632Z;75
2024-05-09T13:56:45.6198310Z;63
2024-05-09T13:56:45.7106269Z;90
2024-05-09T13:56:45.7761029Z;65
2024-05-09T13:56:45.8484044Z;71
2024-05-09T13:56:45.9190972Z;70
2024-05-09T13:56:46.0013315Z;80
2024-05-09T13:56:46.0719372Z;70
2024-05-09T13:56:46.1408632Z;67
2024-05-09T13:56:46.2131728Z;72
2024-05-09T13:56:46.2770150Z;63
2024-05-09T13:56:46.3443003Z;65
2024-05-09T13:56:46.4113468Z;66
2024-05-09T13:56:46.5184892Z;106
2024-05-09T13:56:46.5811906Z;62
2024-05-09T13:56:46.6447416Z;63
2024-05-09T13:56:46.7330553Z;87
2024-05-09T13:56:46.8024791Z;68
2024-05-09T13:56:46.8635122Z;60
2024-05-09T13:56:46.9290928Z;65
2024-05-09T13:56:46.9971928Z;67
2024-05-09T13:56:47.0735905Z;75
2024-05-09T13:56:47.1952390Z;121
2024-05-09T13:56:47.2609249Z;65
2024-05-09T13:56:47.3233315Z;62
2024-05-09T13:56:47.3936858Z;69
2024-05-09T13:56:47.4701616Z;76
2024-05-09T13:56:47.5491134Z;78
2024-05-09T13:56:47.6298033Z;80
2024-05-09T13:56:47.7095432Z;79
2024-05-09T13:56:47.7759810Z;66
2024-05-09T13:56:47.8448815Z;68
2024-05-09T13:56:47.9171916Z;71
2024-05-09T13:56:47.9989585Z;81
2024-05-09T13:56:48.0769420Z;77
2024-05-09T13:56:48.1390098Z;61
2024-05-09T13:56:48.2431870Z;103
2024-05-09T13:56:48.3238908Z;80
2024-05-09T13:56:48.3962166Z;71
2024-05-09T13:56:48.4801123Z;83
2024-05-09T13:56:48.5595141Z;79
2024-05-09T13:56:48.6247197Z;64
2024-05-09T13:56:48.6953483Z;70
2024-05-09T13:56:48.7629961Z;67
2024-05-09T13:56:48.8418065Z;78
2024-05-09T13:56:48.9036990Z;61
2024-05-09T13:56:48.9777586Z;73
2024-05-09T13:56:49.0545716Z;76
2024-05-09T13:56:49.1321498Z;77
2024-05-09T13:56:49.2104448Z;77
2024-05-09T13:56:49.2869121Z;76
2024-05-09T13:56:49.3580448Z;70
2024-05-09T13:56:49.4349845Z;76
2024-05-09T13:56:49.5002293Z;64
2024-05-09T13:56:49.5758817Z;75
2024-05-09T13:56:49.6428668Z;66
2024-05-09T13:56:49.7069585Z;63
2024-05-09T13:56:49.7711544Z;63
2024-05-09T13:56:49.8683462Z;96
2024-05-09T13:56:49.9422202Z;72
2024-05-09T13:56:50.0083601Z;65
2024-05-09T13:56:50.0716765Z;62
2024-05-09T13:56:50.1455965Z;71
2024-05-09T13:56:50.2190754Z;73
2024-05-09T13:56:50.2818783Z;62
2024-05-09T13:56:50.3533373Z;71
2024-05-09T13:56:50.4224929Z;68
2024-05-09T13:56:50.4951648Z;72
2024-05-09T13:56:50.5640266Z;68
2024-05-09T13:56:50.6355062Z;70
2024-05-09T13:56:50.7791533Z;143
2024-05-09T13:56:50.8476006Z;68
2024-05-09T13:56:50.9136853Z;65
2024-05-09T13:56:50.9808668Z;66
2024-05-09T13:56:51.0505140Z;69
2024-05-09T13:56:51.1270476Z;76
2024-05-09T13:56:51.1925337Z;65
2024-05-09T13:56:51.2581254Z;65
2024-05-09T13:56:51.3286655Z;70
2024-05-09T13:56:51.4008959Z;71
2024-05-09T13:56:51.4883696Z;87
2024-05-09T13:56:51.5733550Z;84
2024-05-09T13:56:51.6580009Z;84
2024-05-09T13:56:51.7216227Z;63
2024-05-09T13:56:51.7831286Z;61
2024-05-09T13:56:51.8481439Z;64
2024-05-09T13:56:51.9138697Z;65
2024-05-09T13:56:52.0212734Z;106
2024-05-09T13:56:52.0916512Z;70
2024-05-09T13:56:52.1539393Z;61
2024-05-09T13:56:52.2243993Z;70
2024-05-09T13:56:52.3182956Z;93
2024-05-09T13:56:52.4160061Z;97
2024-05-09T13:56:52.5044607Z;87
2024-05-09T13:56:52.5773811Z;72
2024-05-09T13:56:52.6412227Z;63
2024-05-09T13:56:52.7236140Z;80
2024-05-09T13:56:52.7883650Z;63
2024-05-09T13:56:52.8530169Z;64
2024-05-09T13:56:52.9218380Z;68
2024-05-09T13:56:52.9935897Z;70
2024-05-09T13:56:53.0711518Z;77
2024-05-09T13:56:53.1572118Z;85
2024-05-09T13:56:53.2475648Z;82
2024-05-09T13:56:53.3168421Z;68
2024-05-09T13:56:53.3806538Z;63
2024-05-09T13:56:53.4514127Z;70
2024-05-09T13:56:53.5260659Z;74
2024-05-09T13:56:53.6042543Z;77
2024-05-09T13:56:53.6787328Z;74
2024-05-09T13:56:53.7572527Z;78
2024-05-09T13:56:53.8327054Z;75
2024-05-09T13:56:53.8979234Z;64
2024-05-09T13:56:53.9661380Z;67
2024-05-09T13:56:54.0367952Z;70
2024-05-09T13:56:54.1184087Z;81
2024-05-09T13:56:54.1857184Z;67
2024-05-09T13:56:54.2495512Z;63
2024-05-09T13:56:54.3150270Z;65
2024-05-09T13:56:54.4259137Z;109
2024-05-09T13:56:54.5177852Z;91
2024-05-09T13:56:54.5964023Z;77
2024-05-09T13:56:54.6637236Z;66
2024-05-09T13:56:54.7284622Z;64
2024-05-09T13:56:54.8041016Z;75
2024-05-09T13:56:54.8695782Z;65
2024-05-09T13:56:54.9384848Z;68
2024-05-09T13:56:55.0388226Z;99
2024-05-09T13:56:55.1154661Z;76
2024-05-09T13:56:55.1821993Z;66
2024-05-09T13:56:55.2469904Z;64
2024-05-09T13:56:55.3131872Z;65
2024-05-09T13:56:55.3858272Z;72
2024-05-09T13:56:55.4561728Z;69
2024-05-09T13:56:55.5253747Z;68
2024-05-09T13:56:55.6081846Z;82
2024-05-09T13:56:55.7332538Z;124
2024-05-09T13:56:55.8191815Z;85
2024-05-09T13:56:55.9182874Z;98
2024-05-09T13:56:56.0275608Z;108
2024-05-09T13:56:56.0952744Z;66
2024-05-09T13:56:56.2208240Z;125
2024-05-09T13:56:56.3283184Z;107
2024-05-09T13:56:56.4078640Z;79
2024-05-09T13:56:56.4745568Z;66
2024-05-09T13:56:56.5477019Z;72
2024-05-09T13:56:56.6173837Z;69
2024-05-09T13:56:56.6984905Z;80
2024-05-09T13:56:56.7770470Z;78
2024-05-09T13:56:56.8531770Z;75
2024-05-09T13:56:56.9300028Z;76
2024-05-09T13:56:56.9938170Z;63
2024-05-09T13:56:57.0602374Z;65
2024-05-09T13:56:57.1450887Z;84
2024-05-09T13:56:57.2206729Z;75
2024-05-09T13:56:57.2845010Z;63
2024-05-09T13:56:57.3526129Z;67
2024-05-09T13:56:57.4442903Z;91
2024-05-09T13:56:57.5131376Z;68
2024-05-09T13:56:57.5763898Z;62
2024-05-09T13:56:57.6400535Z;63
2024-05-09T13:56:57.7013671Z;61
2024-05-09T13:56:57.7686161Z;66
2024-05-09T13:56:57.8392047Z;70
2024-05-09T13:56:57.9164927Z;76
2024-05-09T13:56:58.0144341Z;97
2024-05-09T13:56:58.0950334Z;79
2024-05-09T13:56:58.1588923Z;63
2024-05-09T13:56:58.2492164Z;89
2024-05-09T13:56:58.3181937Z;68
2024-05-09T13:56:58.3837133Z;65
2024-05-09T13:56:58.4508638Z;66
2024-05-09T13:56:58.5231269Z;71
2024-05-09T13:56:58.5964282Z;69
2024-05-09T13:56:58.6644530Z;66
2024-05-09T13:56:58.7313210Z;66
2024-05-09T13:56:58.8188971Z;67
2024-05-09T13:56:58.8810653Z;61
2024-05-09T13:56:58.9566513Z;75
2024-05-09T13:56:59.0278323Z;70
2024-05-09T13:56:59.1013135Z;73
2024-05-09T13:56:59.1785923Z;76
2024-05-09T13:56:59.2470269Z;68
2024-05-09T13:56:59.3133641Z;65
2024-05-09T13:56:59.3868937Z;73
2024-05-09T13:56:59.4525263Z;65
2024-05-09T13:56:59.5213475Z;68
2024-05-09T13:56:59.5943082Z;72
2024-05-09T13:56:59.6609151Z;66
2024-05-09T13:56:59.7377938Z;76
2024-05-09T13:56:59.8026030Z;64
2024-05-09T13:56:59.8658530Z;62
2024-05-09T13:56:59.9355302Z;69
2024-05-09T13:57:00.0074338Z;71
2024-05-09T13:57:00.0814356Z;73
2024-05-09T13:57:00.1481705Z;66
2024-05-09T13:57:00.2233895Z;74
2024-05-09T13:57:00.3063475Z;82
2024-05-09T13:57:00.4207893Z;112
2024-05-09T13:57:00.5186923Z;97
2024-05-09T13:57:00.6018729Z;82
2024-05-09T13:57:00.7124992Z;110
2024-05-09T13:57:00.8331576Z;120
2024-05-09T13:57:00.8948358Z;60
2024-05-09T13:57:00.9666023Z;71
2024-05-09T13:57:01.0523801Z;85
2024-05-09T13:57:01.1498422Z;97
2024-05-09T13:57:01.2194339Z;68
2024-05-09T13:57:01.2826815Z;62
2024-05-09T13:57:01.3666159Z;83
2024-05-09T13:57:01.4412707Z;74
2024-05-09T13:57:01.5129079Z;71
2024-05-09T13:57:01.6153358Z;102
2024-05-09T13:57:01.6961144Z;80
2024-05-09T13:57:01.7786981Z;82
2024-05-09T13:57:01.8422845Z;63
2024-05-09T13:57:01.9211590Z;78
2024-05-09T13:57:01.9901686Z;68
2024-05-09T13:57:02.0539577Z;63
2024-05-09T13:57:02.1294618Z;75
2024-05-09T13:57:02.1934453Z;63
2024-05-09T13:57:02.2657728Z;71
2024-05-09T13:57:02.3380779Z;71
2024-05-09T13:57:02.4052113Z;66
2024-05-09T13:57:02.4775518Z;70
2024-05-09T13:57:02.5429804Z;65
2024-05-09T13:57:02.6085572Z;65
2024-05-09T13:57:02.6791579Z;70
2024-05-09T13:57:02.7632482Z;83
2024-05-09T13:57:02.8287309Z;65
2024-05-09T13:57:02.8974382Z;67
2024-05-09T13:57:02.9695333Z;71
2024-05-09T13:57:03.1177712Z;147
2024-05-09T13:57:03.1845723Z;66
2024-05-09T13:57:03.2893940Z;104
2024-05-09T13:57:03.3548776Z;65
2024-05-09T13:57:03.4287484Z;73
2024-05-09T13:57:03.5047395Z;75
2024-05-09T13:57:03.5880174Z;82
2024-05-09T13:57:03.6708661Z;82
2024-05-09T13:57:03.7402786Z;69
2024-05-09T13:57:03.8067796Z;66
2024-05-09T13:57:03.8773399Z;70
2024-05-09T13:57:03.9461774Z;68
2024-05-09T13:57:04.0195309Z;70
2024-05-09T13:57:04.0891910Z;68
2024-05-09T13:57:04.1781648Z;88
2024-05-09T13:57:04.2538850Z;75
2024-05-09T13:57:04.3210217Z;66
2024-05-09T13:57:04.4000367Z;78
2024-05-09T13:57:04.4783469Z;72
2024-05-09T13:57:04.5446499Z;65
2024-05-09T13:57:04.6167923Z;71
2024-05-09T13:57:04.7042812Z;87
2024-05-09T13:57:04.7781492Z;73
2024-05-09T13:57:04.8419713Z;63
2024-05-09T13:57:04.9126911Z;70
2024-05-09T13:57:04.9967053Z;83
2024-05-09T13:57:05.0671545Z;70
2024-05-09T13:57:05.1646547Z;97
2024-05-09T13:57:05.2454013Z;80
2024-05-09T13:57:05.3225225Z;76
2024-05-09T13:57:05.3882176Z;65
2024-05-09T13:57:05.4560078Z;67
2024-05-09T13:57:05.5258810Z;69
2024-05-09T13:57:05.5982625Z;72
2024-05-09T13:57:05.6637967Z;65
2024-05-09T13:57:05.7345871Z;70
2024-05-09T13:57:05.8066955Z;71
2024-05-09T13:57:05.8704944Z;63
2024-05-09T13:57:05.9391980Z;68
2024-05-09T13:57:06.0398959Z;100
2024-05-09T13:57:06.1150627Z;74
2024-05-09T13:57:06.2138869Z;98
2024-05-09T13:57:06.2921846Z;77
2024-05-09T13:57:06.3703097Z;77
2024-05-09T13:57:06.4435283Z;72
2024-05-09T13:57:06.5110137Z;67
2024-05-09T13:57:06.5948099Z;83
2024-05-09T13:57:06.6773039Z;82
2024-05-09T13:57:06.7824602Z;104
2024-05-09T13:57:06.8513756Z;68
2024-05-09T13:57:06.9274834Z;75
2024-05-09T13:57:07.0120878Z;84
2024-05-09T13:57:07.1023861Z;90
2024-05-09T13:57:07.1672357Z;64
2024-05-09T13:57:07.2620533Z;73
2024-05-09T13:57:07.3343464Z;71
2024-05-09T13:57:07.4146463Z;79
2024-05-09T13:57:07.4871844Z;72
2024-05-09T13:57:07.5577147Z;70
2024-05-09T13:57:07.6309829Z;72
2024-05-09T13:57:07.6942623Z;62
2024-05-09T13:57:07.7577488Z;63
2024-05-09T13:57:07.8241514Z;66
2024-05-09T13:57:07.8882770Z;63
2024-05-09T13:57:07.9561142Z;67
2024-05-09T13:57:08.0364592Z;79
2024-05-09T13:57:08.1090456Z;72
2024-05-09T13:57:08.1882754Z;78
2024-05-09T13:57:08.2670505Z;78
2024-05-09T13:57:08.3375893Z;70
2024-05-09T13:57:08.4082198Z;70
2024-05-09T13:57:08.4747834Z;66
2024-05-09T13:57:08.5459029Z;69
2024-05-09T13:57:08.6905199Z;92
2024-05-09T13:57:08.7861981Z;95
2024-05-09T13:57:08.8517911Z;65
2024-05-09T13:57:08.9157064Z;63
2024-05-09T13:57:08.9861793Z;70
2024-05-09T13:57:09.0619112Z;75
2024-05-09T13:57:09.1508827Z;88
2024-05-09T13:57:09.2264870Z;75
2024-05-09T13:57:09.2903577Z;63
2024-05-09T13:57:09.3559556Z;65
2024-05-09T13:57:09.4400336Z;83
2024-05-09T13:57:09.5086770Z;68
